WoSitnu;WoOppnu;WoLastnu;WoGemstu;Reistijd;Tevreden;Toelicht;Verhuisplan;VMsituatie;VMprijs;VMcampus;VMcentrum;VMhuisgenot;VMverplicht;VMander;WoOppwens;WoLastwens;Omgeveilig;Omgegroen;Omgebalkon;Omgeparking;OmgeOV;OmgeCentr;OmgeHAN;Woonbeeld1;Woonbeeld 2;Woonbeeld 3;Woonbeeld 4;Woonbeeld 5;Geslacht;Gebjaar;Leeftijd;Inkomen;Opleiding;Opmerkingen
Op kamers (gedeeld gebruik san. en/of keuken);20;380;ja;2 10-20 min.;8;;ja, over een  half jaar tot een jaar;;wel;;;;wel;;13;380;2 belangrijk;3 neutraal;2 belangrijk;4 onbelangrijk;2 belangrijk;1 zeer belangrijk;4 onbelangrijk;3 past enigszins;1 past helemaal niet;1 past helemaal niet;1 past helemaal niet;4 past wel;vrouw;1996;20;1900;Bedrijfskunde /MER;Nee
Bij ouders;25;0;Nee;3 21-40 min.;7;;ja, over meer dan 1 jaar;wel;;;wel;;;wel;;;3 neutraal;3 neutraal;2 belangrijk;3 neutraal;2 belangrijk;3 neutraal;4 onbelangrijk;3 past enigszins;3 past enigszins;3 past enigszins;3 past enigszins;3 past enigszins;man;1998;18;250;Bedrijfskunde /MER;
zelfstandige huurwoning;35;700;Nee;5 61-90 min.;5;;ja, binnen half jaar;;;;;;;wel;15;650;3 neutraal;2 belangrijk;3 neutraal;3 neutraal;1 zeer belangrijk;1 zeer belangrijk;3 neutraal;2 past niet;3 past enigszins;2 past niet;4 past wel;3 past enigszins;man;1991;25;1200;Bedrijfskunde /MER;
Bij ouders;15;0;Nee;4 41-60 min.;7;;ja, over een  half jaar tot een jaar;wel;;wel;wel;;;;10;;2 belangrijk;3 neutraal;4 onbelangrijk;4 onbelangrijk;1 zeer belangrijk;2 belangrijk;2 belangrijk;4 past wel;4 past wel;3 past enigszins;2 past niet;4 past wel;man;1994;22;600;Bedrijfskunde /MER;
Bij ouders;25;150;ja;5 61-90 min.;8;;weet ik  (nog)  niet;;;;;;;;35;350;1 zeer belangrijk;3 neutraal;1 zeer belangrijk;3 neutraal;1 zeer belangrijk;2 belangrijk;2 belangrijk;4 past wel;3 past enigszins;5 past volledig;2 past niet;2 past niet;vrouw;1996;20;967;Bedrijfskunde /MER;
Op kamers (gedeeld gebruik san. en/of keuken);11;289;ja;2 10-20 min.;7;;ja, over meer dan 1 jaar;;wel;;;wel;;;16;350;3 neutraal;3 neutraal;2 belangrijk;4 onbelangrijk;2 belangrijk;1 zeer belangrijk;3 neutraal;4 past wel;4 past wel;2 past niet;2 past niet;4 past wel;man;1995;21;600;Bedrijfskunde /MER;Nope
Bij ouders;18;0;Nee;6 langer dan 90 min.;10;;nee, voorlopig niet van plan;;;;;;;;25;400;2 belangrijk;3 neutraal;2 belangrijk;1 zeer belangrijk;1 zeer belangrijk;2 belangrijk;2 belangrijk;3 past enigszins;1 past helemaal niet;4 past wel;3 past enigszins;1 past helemaal niet;vrouw;1994;22;380;Bedrijfskunde /MER;
zelfstandige huurwoning;46;750;Nee;1 minder dan 10 min.;10;;nee, voorlopig niet van plan;;;;;;;;40;750;2 belangrijk;2 belangrijk;4 onbelangrijk;4 onbelangrijk;2 belangrijk;2 belangrijk;3 neutraal;4 past wel;1 past helemaal niet;1 past helemaal niet;1 past helemaal niet;3 past enigszins;vrouw;1989;27;1200;Bedrijfskunde /MER;Vraagstelling is gericht op mensen met een studentenkamer. (omvang kamer)
Bij ouders;12;0;Nee;3 21-40 min.;8;;ja, over een  half jaar tot een jaar;wel;;wel;wel;;;;20;600;2 belangrijk;2 belangrijk;3 neutraal;3 neutraal;2 belangrijk;2 belangrijk;3 neutraal;4 past wel;2 past niet;5 past volledig;1 past helemaal niet;2 past niet;man;1997;19;450;Bedrijfskunde /MER;
Bij ouders;30;400;ja;2 10-20 min.;7;;ja, binnen half jaar;wel;;wel;wel;;;;30;600;2 belangrijk;3 neutraal;3 neutraal;2 belangrijk;2 belangrijk;2 belangrijk;3 neutraal;3 past enigszins;2 past niet;4 past wel;2 past niet;1 past helemaal niet;vrouw;1996;20;200;Bedrijfskunde /MER;Nee
Bij ouders;5;0;Nee;6 langer dan 90 min.;8;;weet ik  (nog)  niet;;;;;;;;5;260;1 zeer belangrijk;1 zeer belangrijk;1 zeer belangrijk;1 zeer belangrijk;1 zeer belangrijk;1 zeer belangrijk;1 zeer belangrijk;1 past helemaal niet;3 past enigszins;3 past enigszins;5 past volledig;3 past enigszins;man;1997;19;250;Bedrijfskunde /MER;Nee
Bij ouders;55;0;Nee;4 41-60 min.;10;;nee, voorlopig niet van plan;;;;;;;;40;700;2 belangrijk;3 neutraal;2 belangrijk;2 belangrijk;2 belangrijk;2 belangrijk;3 neutraal;4 past wel;4 past wel;2 past niet;3 past enigszins;4 past wel;vrouw;1997;19;960;Bedrijfskunde /MER;Het is een enquˆte gericht op uitwonenden en in het begin rare vragen.
Bij ouders;120;0;Nee;5 61-90 min.;10;;weet ik  (nog)  niet;;;;;;;;45;500;1 zeer belangrijk;4 onbelangrijk;2 belangrijk;1 zeer belangrijk;2 belangrijk;2 belangrijk;4 onbelangrijk;3 past enigszins;3 past enigszins;3 past enigszins;3 past enigszins;4 past wel;vrouw;1998;18;450;Bedrijfskunde /MER;De vraagstelling kan iets duidelijker
Bij ouders;10;0;Nee;5 61-90 min.;9;;weet ik  (nog)  niet;;;;;;;;20;400;1 zeer belangrijk;3 neutraal;2 belangrijk;1 zeer belangrijk;2 belangrijk;3 neutraal;3 neutraal;4 past wel;2 past niet;3 past enigszins;4 past wel;1 past helemaal niet;vrouw;1996;20;600;Bedrijfskunde /MER;nee
Bij ouders;16;0;Nee;3 21-40 min.;8;;nee, voorlopig niet van plan;;;;;;;;16;200;4 onbelangrijk;3 neutraal;2 belangrijk;1 zeer belangrijk;1 zeer belangrijk;3 neutraal;3 neutraal;4 past wel;4 past wel;1 past helemaal niet;4 past wel;4 past wel;man;1994;22;350;Bedrijfskunde /MER;ik wil niet in een flat wonen, doe mij maar vrijstaand
Op kamers (gedeeld gebruik san. en/of keuken);11;300;ja;1 minder dan 10 min.;7;;nee, voorlopig niet van plan;;;;;;;;20;350;4 onbelangrijk;4 onbelangrijk;2 belangrijk;5 zeer onbelangrijk;2 belangrijk;2 belangrijk;3 neutraal;3 past enigszins;3 past enigszins;2 past niet;2 past niet;4 past wel;man;1995;21;700;Bedrijfskunde /MER;-
Bij ouders;25;0;Nee;3 21-40 min.;10;;nee, voorlopig niet van plan;;;;;;;;20;300;2 belangrijk;3 neutraal;3 neutraal;3 neutraal;2 belangrijk;2 belangrijk;3 neutraal;3 past enigszins;3 past enigszins;4 past wel;2 past niet;4 past wel;man;1996;20;150;Bedrijfskunde /MER;nee
Bij ouders;50;0;Nee;5 61-90 min.;10;;nee, voorlopig niet van plan;;;;;;;;30;800;1 zeer belangrijk;3 neutraal;1 zeer belangrijk;1 zeer belangrijk;2 belangrijk;3 neutraal;3 neutraal;4 past wel;5 past volledig;3 past enigszins;1 past helemaal niet;1 past helemaal niet;vrouw;1997;19;250;Bedrijfskunde /MER;Nee
Bij ouders;30;0;Nee;5 61-90 min.;9;;ja, over meer dan 1 jaar;wel;;wel;;;;wel;40;40;2 belangrijk;3 neutraal;3 neutraal;2 belangrijk;2 belangrijk;2 belangrijk;3 neutraal;4 past wel;4 past wel;2 past niet;3 past enigszins;4 past wel;man;1996;20;160;Bedrijfskunde /MER;
Bij ouders;16;0;ja;4 41-60 min.;8;;ja, over meer dan 1 jaar;wel;;;;;;;15;700;3 neutraal;3 neutraal;2 belangrijk;3 neutraal;2 belangrijk;4 onbelangrijk;4 onbelangrijk;3 past enigszins;4 past wel;2 past niet;4 past wel;4 past wel;man;1997;19;600;Bedrijfskunde /MER;Nee
Bij ouders;30;0;Nee;3 21-40 min.;8;;nee, voorlopig niet van plan;;;;;;;;30;400;3 neutraal;3 neutraal;2 belangrijk;1 zeer belangrijk;3 neutraal;2 belangrijk;4 onbelangrijk;3 past enigszins;2 past niet;5 past volledig;1 past helemaal niet;2 past niet;man;1997;19;800;Bedrijfskunde /MER;nee
Bij ouders;10;0;Nee;4 41-60 min.;8;;nee, voorlopig niet van plan;;;;;;;;16;100;2 belangrijk;3 neutraal;2 belangrijk;1 zeer belangrijk;2 belangrijk;3 neutraal;3 neutraal;4 past wel;4 past wel;3 past enigszins;3 past enigszins;3 past enigszins;man;1996;20;280;Bedrijfskunde /MER;nee
Bij ouders;12;0;Nee;5 61-90 min.;5;;ja, binnen half jaar;wel;;;wel;;;;10;370;3 neutraal;3 neutraal;3 neutraal;4 onbelangrijk;2 belangrijk;1 zeer belangrijk;3 neutraal;2 past niet;3 past enigszins;2 past niet;1 past helemaal niet;5 past volledig;man;1997;19;700;Bedrijfskunde /MER;
Bij ouders;16;0;Nee;6 langer dan 90 min.;7;;ja, binnen half jaar;;;wel;wel;wel;;;10;350;2 belangrijk;3 neutraal;3 neutraal;4 onbelangrijk;1 zeer belangrijk;1 zeer belangrijk;3 neutraal;4 past wel;5 past volledig;1 past helemaal niet;3 past enigszins;5 past volledig;vrouw;1997;19;300;Bedrijfskunde /MER;
Op kamers (gedeeld gebruik san. en/of keuken);13;350;ja;2 10-20 min.;10;;nee, voorlopig niet van plan;;;;;;;;12;350;2 belangrijk;4 onbelangrijk;1 zeer belangrijk;3 neutraal;1 zeer belangrijk;4 onbelangrijk;5 zeer onbelangrijk;3 past enigszins;4 past wel;2 past niet;4 past wel;3 past enigszins;man;1993;23;1250;Bedrijfskunde /MER;Vertel hoe je er achter komt in welke onderzoeksgroep je zit
Bij ouders;10;0;Nee;3 21-40 min.;10;Woon prima thuis bij me ouders;nee, voorlopig niet van plan;;;;;;;;20;300;1 zeer belangrijk;3 neutraal;3 neutraal;2 belangrijk;1 zeer belangrijk;1 zeer belangrijk;3 neutraal;4 past wel;3 past enigszins;5 past volledig;3 past enigszins;4 past wel;man;1998;18;100;Bedrijfskunde /MER;Nee
Bij ouders;20;0;Nee;5 61-90 min.;6;Het is een leuk dorp, maar veel te ver van echte voorzieningen af, zoals een stad.;weet ik  (nog)  niet;;;;;;;;20;400;3 neutraal;3 neutraal;2 belangrijk;4 onbelangrijk;1 zeer belangrijk;2 belangrijk;3 neutraal;4 past wel;3 past enigszins;2 past niet;2 past niet;3 past enigszins;vrouw;1998;18;500;Bedrijfskunde /MER;nee
zelfstandige huurwoning;35;620;Nee;5 61-90 min.;9;;nee, voorlopig niet van plan;;;;;;;;35;;1 zeer belangrijk;3 neutraal;1 zeer belangrijk;1 zeer belangrijk;1 zeer belangrijk;1 zeer belangrijk;2 belangrijk;3 past enigszins;2 past niet;4 past wel;1 past helemaal niet;2 past niet;vrouw;1995;21;750;Bedrijfskunde /MER;
Bij ouders;26;0;ja;3 21-40 min.;7;Mooi ruim huis, alleen de wijk is vrij saai;ja, over een  half jaar tot een jaar;wel;;;;;;;12;450;3 neutraal;5 zeer onbelangrijk;5 zeer onbelangrijk;4 onbelangrijk;1 zeer belangrijk;2 belangrijk;3 neutraal;5 past volledig;2 past niet;4 past wel;4 past wel;2 past niet;man;1996;20;752;Bedrijfskunde /MER;
Bij ouders;12;0;Nee;3 21-40 min.;8;Eten wordt voor mij gemaakt.;nee, voorlopig niet van plan;;;;;;;;12;400;2 belangrijk;2 belangrijk;3 neutraal;1 zeer belangrijk;2 belangrijk;3 neutraal;2 belangrijk;4 past wel;3 past enigszins;3 past enigszins;2 past niet;3 past enigszins;man;1995;21;560;Bedrijfskunde /MER;nee
Bij ouders;100;0;Nee;3 21-40 min.;8;;ja, over een  half jaar tot een jaar;wel;;wel;wel;;;;40;400;3 neutraal;2 belangrijk;2 belangrijk;3 neutraal;1 zeer belangrijk;1 zeer belangrijk;2 belangrijk;3 past enigszins;1 past helemaal niet;5 past volledig;2 past niet;3 past enigszins;man;1993;23;1000;Bedrijfskunde /MER;
Bij ouders;400;0;Nee;3 21-40 min.;8;;nee, voorlopig niet van plan;;;;;;;;25;550;3 neutraal;3 neutraal;2 belangrijk;2 belangrijk;2 belangrijk;2 belangrijk;3 neutraal;1 past helemaal niet;1 past helemaal niet;4 past wel;1 past helemaal niet;1 past helemaal niet;man;1994;22;1500;Bedrijfskunde /MER;
Op kamers (gedeeld gebruik san. en/of keuken);12;324;ja;2 10-20 min.;6;De locatie is ideaal, maar het is een ongezellig huis;ja, over een  half jaar tot een jaar;;;;;wel;;;12;350;2 belangrijk;3 neutraal;4 onbelangrijk;5 zeer onbelangrijk;2 belangrijk;2 belangrijk;4 onbelangrijk;4 past wel;2 past niet;2 past niet;1 past helemaal niet;4 past wel;man;1994;22;1000;Bedrijfskunde /MER;Nee
Bij ouders;16;0;ja;3 21-40 min.;8;Ik woon nog thuis 2e/3e vraag is niet echt van toepassing;nee, voorlopig niet van plan;;;;;;;;20;400;1 zeer belangrijk;3 neutraal;3 neutraal;3 neutraal;2 belangrijk;3 neutraal;2 belangrijk;3 past enigszins;4 past wel;3 past enigszins;4 past wel;2 past niet;man;1990;26;700;Bedrijfskunde /MER;Ik zit niet op kamers veel vragen zijn uit context
Op kamers (gedeeld gebruik san. en/of keuken);20;340;ja;1 minder dan 10 min.;9;;nee, voorlopig niet van plan;;;;;;;;20;400;3 neutraal;3 neutraal;3 neutraal;4 onbelangrijk;3 neutraal;3 neutraal;2 belangrijk;4 past wel;2 past niet;2 past niet;2 past niet;4 past wel;man;1994;22;500;Bedrijfskunde /MER;
Bij ouders;80;0;ja;4 41-60 min.;6;;ja, over een  half jaar tot een jaar;wel;;;;;;;;;2 belangrijk;3 neutraal;3 neutraal;3 neutraal;1 zeer belangrijk;2 belangrijk;3 neutraal;4 past wel;4 past wel;3 past enigszins;4 past wel;4 past wel;vrouw;1996;20;900;Bedrijfskunde /MER;
Bij ouders;16;0;ja;3 21-40 min.;8;;nee, voorlopig niet van plan;;;;;;;;20;200;2 belangrijk;3 neutraal;2 belangrijk;3 neutraal;2 belangrijk;3 neutraal;4 onbelangrijk;2 past niet;3 past enigszins;4 past wel;1 past helemaal niet;2 past niet;vrouw;1997;19;400;Bedrijfskunde /MER;
Op kamers (gedeeld gebruik san. en/of keuken);16;300;ja;1 minder dan 10 min.;7;De prijs is relatief laag, maar de privacy ook;ja, binnen half jaar;;wel;;wel;wel;;;22;350;3 neutraal;3 neutraal;2 belangrijk;2 belangrijk;2 belangrijk;3 neutraal;3 neutraal;4 past wel;2 past niet;2 past niet;2 past niet;3 past enigszins;man;1996;20;500;Bedrijfskunde /MER;nee
Bij ouders;10;0;Nee;4 41-60 min.;8;;ja, over een  half jaar tot een jaar;wel;;wel;wel;wel;;;15;400;3 neutraal;3 neutraal;1 zeer belangrijk;4 onbelangrijk;1 zeer belangrijk;2 belangrijk;3 neutraal;4 past wel;3 past enigszins;3 past enigszins;3 past enigszins;4 past wel;man;1996;20;150;Bedrijfskunde /MER;
Bij ouders;15;180;Nee;5 61-90 min.;10;;ja, over een  half jaar tot een jaar;wel;;;;;;;14;450;2 belangrijk;3 neutraal;3 neutraal;3 neutraal;1 zeer belangrijk;3 neutraal;4 onbelangrijk;4 past wel;3 past enigszins;4 past wel;2 past niet;5 past volledig;man;1992;24;1100;Bedrijfskunde /MER;-
Bij ouders;77;783;ja;2 10-20 min.;6;;ja, zeer korte termijn;wel;;wel;;;;wel;23;600;1 zeer belangrijk;2 belangrijk;2 belangrijk;1 zeer belangrijk;1 zeer belangrijk;4 onbelangrijk;3 neutraal;2 past niet;1 past helemaal niet;4 past wel;2 past niet;1 past helemaal niet;vrouw;1993;23;1600;Bedrijfskunde /MER;niet volledig. Niet alle vragen kunnen juist beantwoord worden
Bij ouders;13;0;ja;1 minder dan 10 min.;9;;weet ik  (nog)  niet;;;;;;;;15;300;2 belangrijk;2 belangrijk;3 neutraal;4 onbelangrijk;1 zeer belangrijk;1 zeer belangrijk;3 neutraal;4 past wel;3 past enigszins;3 past enigszins;4 past wel;2 past niet;man;1997;19;600;Logistiek;
Bij ouders;30;0;Nee;3 21-40 min.;9;;ja, over meer dan 1 jaar;wel;;;wel;wel;;;20;250;1 zeer belangrijk;3 neutraal;2 belangrijk;3 neutraal;2 belangrijk;3 neutraal;3 neutraal;5 past volledig;2 past niet;4 past wel;2 past niet;2 past niet;man;1997;19;500;Logistiek;nee
Bij ouders;12;0;Nee;6 langer dan 90 min.;8;;nee, voorlopig niet van plan;;;;;;;;9;350;1 zeer belangrijk;3 neutraal;3 neutraal;3 neutraal;2 belangrijk;2 belangrijk;2 belangrijk;3 past enigszins;4 past wel;2 past niet;3 past enigszins;4 past wel;vrouw;1997;19;200;Logistiek;Nee
Bij ouders;20;0;Nee;4 41-60 min.;8;;ja, over een  half jaar tot een jaar;wel;;wel;wel;;;;12;350;3 neutraal;4 onbelangrijk;3 neutraal;4 onbelangrijk;2 belangrijk;1 zeer belangrijk;2 belangrijk;3 past enigszins;5 past volledig;4 past wel;3 past enigszins;4 past wel;vrouw;1995;21;600;Logistiek;nee
Bij ouders;10;0;Nee;4 41-60 min.;7;;weet ik  (nog)  niet;;;;;;;;15;400;2 belangrijk;2 belangrijk;2 belangrijk;2 belangrijk;2 belangrijk;2 belangrijk;2 belangrijk;4 past wel;5 past volledig;3 past enigszins;2 past niet;4 past wel;vrouw;1998;18;450;Logistiek;
Bij ouders;12;0;Nee;5 61-90 min.;8;;nee, voorlopig niet van plan;;;;;;;;16;300;1 zeer belangrijk;2 belangrijk;2 belangrijk;3 neutraal;1 zeer belangrijk;3 neutraal;3 neutraal;3 past enigszins;5 past volledig;2 past niet;4 past wel;4 past wel;vrouw;1999;17;400;Logistiek;nee
Bij ouders;15;0;Nee;4 41-60 min.;8;;weet ik  (nog)  niet;;;;;;;;12;350;1 zeer belangrijk;2 belangrijk;2 belangrijk;4 onbelangrijk;2 belangrijk;2 belangrijk;3 neutraal;2 past niet;4 past wel;1 past helemaal niet;4 past wel;2 past niet;vrouw;1998;18;400;Logistiek;nee
Bij ouders;20;0;Nee;4 41-60 min.;9;;ja, over een  half jaar tot een jaar;wel;;wel;wel;;;;16;350;2 belangrijk;3 neutraal;4 onbelangrijk;4 onbelangrijk;2 belangrijk;3 neutraal;3 neutraal;5 past volledig;4 past wel;2 past niet;1 past helemaal niet;4 past wel;vrouw;1997;19;638;Logistiek;nee
Bij ouders;20;0;Nee;3 21-40 min.;7;;ja, binnen half jaar;wel;;wel;wel;wel;;;12;350;3 neutraal;4 onbelangrijk;2 belangrijk;5 zeer onbelangrijk;3 neutraal;2 belangrijk;3 neutraal;4 past wel;4 past wel;2 past niet;2 past niet;5 past volledig;man;1997;19;450;Logistiek;
Bij ouders;20;0;Nee;3 21-40 min.;8;;ja, over een  half jaar tot een jaar;wel;;wel;;;;wel;12;350;3 neutraal;3 neutraal;3 neutraal;4 onbelangrijk;2 belangrijk;3 neutraal;3 neutraal;3 past enigszins;4 past wel;2 past niet;4 past wel;3 past enigszins;man;1995;21;400;Logistiek;
Bij ouders;12;0;Nee;3 21-40 min.;7;;nee, voorlopig niet van plan;;;;;;;;20;400;2 belangrijk;3 neutraal;1 zeer belangrijk;1 zeer belangrijk;3 neutraal;3 neutraal;3 neutraal;4 past wel;3 past enigszins;4 past wel;2 past niet;2 past niet;man;1993;23;950;Logistiek;nee
zelfstandige koopwoning;50;300;Nee;2 10-20 min.;8;;nee, voorlopig niet van plan;;;;;;;;30;400;1 zeer belangrijk;2 belangrijk;2 belangrijk;1 zeer belangrijk;3 neutraal;4 onbelangrijk;4 onbelangrijk;2 past niet;2 past niet;4 past wel;2 past niet;2 past niet;vrouw;1994;22;380;Logistiek;Niet echt op mij van toepassing. Verder moeilijk om voorstelling te maken van een woonoppervlak.
Bij ouders;18;0;Nee;4 41-60 min.;8;;ja, over meer dan 1 jaar;wel;;wel;wel;;;;15;400;2 belangrijk;3 neutraal;4 onbelangrijk;4 onbelangrijk;2 belangrijk;2 belangrijk;3 neutraal;3 past enigszins;4 past wel;1 past helemaal niet;4 past wel;4 past wel;man;1995;21;200;Logistiek;mijn inkomen is zo laag om dat ik op dit moment geen bijbaan meer heb, ik ben hier nog wel naar op zoek
Bij ouders;250;0;Nee;3 21-40 min.;9;Ik heb het naar mijn zin thuis en kan mijn hobby ook beoefenen thuis.;nee, voorlopig niet van plan;;;;;;;;50;1;1 zeer belangrijk;1 zeer belangrijk;1 zeer belangrijk;2 belangrijk;4 onbelangrijk;4 onbelangrijk;4 onbelangrijk;1 past helemaal niet;2 past niet;1 past helemaal niet;3 past enigszins;1 past helemaal niet;vrouw;1998;18;51;Logistiek;
Bij ouders;40;0;Nee;4 41-60 min.;8;ik woon goed in mijn dorp maar er zijn geen winkels e.d.;ja, over een  half jaar tot een jaar;;;wel;wel;wel;;wel;12;350;2 belangrijk;3 neutraal;2 belangrijk;3 neutraal;2 belangrijk;1 zeer belangrijk;2 belangrijk;3 past enigszins;4 past wel;2 past niet;2 past niet;4 past wel;man;1997;19;200;Logistiek;goede enquete
Bij ouders;24;0;Nee;3 21-40 min.;8;Ik zit prima thuis, alles is nog gratis en het is lekker kortbij. Heb ook alle vrijheid thuis;nee, voorlopig niet van plan;;;;;;;;30;400;3 neutraal;4 onbelangrijk;3 neutraal;2 belangrijk;2 belangrijk;2 belangrijk;4 onbelangrijk;2 past niet;3 past enigszins;4 past wel;3 past enigszins;2 past niet;man;1998;18;300;Logistiek;nein
Op kamers (gedeeld gebruik san. en/of keuken);21;400;ja;1 minder dan 10 min.;9;;nee, voorlopig niet van plan;;;;;;;;15;400;3 neutraal;3 neutraal;2 belangrijk;4 onbelangrijk;1 zeer belangrijk;2 belangrijk;2 belangrijk;3 past enigszins;3 past enigszins;4 past wel;2 past niet;4 past wel;vrouw;1997;19;440;Logistiek;
Bij ouders;10;0;Nee;3 21-40 min.;9;Goed geregeld;weet ik  (nog)  niet;;;;;;;;;;1 zeer belangrijk;3 neutraal;2 belangrijk;2 belangrijk;2 belangrijk;3 neutraal;4 onbelangrijk;4 past wel;3 past enigszins;4 past wel;4 past wel;3 past enigszins;man;1997;19;200;Logistiek;
Bij ouders;50;0;Nee;2 10-20 min.;8;grote kamer dichtbij de Han, beter kan je het niet hebben toch.;nee, voorlopig niet van plan;;;;;;;;50;150;2 belangrijk;3 neutraal;3 neutraal;3 neutraal;2 belangrijk;3 neutraal;4 onbelangrijk;2 past niet;1 past helemaal niet;4 past wel;4 past wel;1 past helemaal niet;man;1997;19;500;Logistiek;nee
Bij ouders;15;0;Nee;4 41-60 min.;7;Ik vind mijn woon situatie prima, tuurlijk zijn er dingen die beter kunnen maar over het algemeen ben ik tevreden.;nee, voorlopig niet van plan;;;;;;;;30;250;3 neutraal;5 zeer onbelangrijk;5 zeer onbelangrijk;2 belangrijk;2 belangrijk;3 neutraal;5 zeer onbelangrijk;3 past enigszins;2 past niet;4 past wel;2 past niet;3 past enigszins;man;1999;17;100;Logistiek;Nope
Bij ouders;35;0;ja;1 minder dan 10 min.;9;Ik wil misschien op kamers, maar tot zover is mijn huidige woonsituatie prima.;ja, over een  half jaar tot een jaar;wel;;;;wel;;;20;380;1 zeer belangrijk;1 zeer belangrijk;1 zeer belangrijk;1 zeer belangrijk;1 zeer belangrijk;1 zeer belangrijk;1 zeer belangrijk;2 past niet;3 past enigszins;3 past enigszins;2 past niet;4 past wel;man;1996;20;300;Logistiek;Nee
Bij ouders;12;0;Nee;4 41-60 min.;8;ik zit nog wel goed thuis, heb zelf een auto om naar school te rijden;nee, voorlopig niet van plan;;;;;;;;20;400;3 neutraal;5 zeer onbelangrijk;3 neutraal;1 zeer belangrijk;4 onbelangrijk;4 onbelangrijk;4 onbelangrijk;2 past niet;3 past enigszins;4 past wel;2 past niet;4 past wel;man;1996;20;400;Logistiek;
Bij ouders;15;0;ja;3 21-40 min.;9;Hartstike tevreden, heel groot huis met ruime tuin. fijne woonplek...;ja, over meer dan 1 jaar;wel;;wel;wel;wel;;wel;12;300;2 belangrijk;2 belangrijk;2 belangrijk;3 neutraal;2 belangrijk;2 belangrijk;2 belangrijk;2 past niet;4 past wel;3 past enigszins;4 past wel;4 past wel;man;1996;20;100;Logistiek;leuke en goede vragen
Bij ouders;8;0;Nee;5 61-90 min.;10;;nee, voorlopig niet van plan;;;;;;;;8;300;2 belangrijk;3 neutraal;3 neutraal;2 belangrijk;1 zeer belangrijk;3 neutraal;3 neutraal;3 past enigszins;2 past niet;4 past wel;3 past enigszins;1 past helemaal niet;man;1997;19;700;Logistiek;
Bij ouders;25;0;Nee;3 21-40 min.;10;;nee, voorlopig niet van plan;;;;;;;;25;400;1 zeer belangrijk;2 belangrijk;4 onbelangrijk;4 onbelangrijk;2 belangrijk;2 belangrijk;2 belangrijk;4 past wel;5 past volledig;1 past helemaal niet;2 past niet;5 past volledig;man;1998;18;250;Logistiek;
Bij ouders;20;0;Nee;5 61-90 min.;7;Thuis is het prima, alleen het reizen is minder prettig;ja, over meer dan 1 jaar;;;;;;;wel;20;250;3 neutraal;3 neutraal;4 onbelangrijk;4 onbelangrijk;1 zeer belangrijk;3 neutraal;4 onbelangrijk;5 past volledig;2 past niet;3 past enigszins;4 past wel;2 past niet;man;1998;18;250;Logistiek;
Op kamers (gedeeld gebruik san. en/of keuken);11;315;ja;2 10-20 min.;7;Beetje klein maar heel dicht bij het station. Niet hele leuke huisgenoten.;ja, over een  half jaar tot een jaar;;wel;;;wel;;;16;450;3 neutraal;3 neutraal;2 belangrijk;4 onbelangrijk;3 neutraal;1 zeer belangrijk;3 neutraal;3 past enigszins;3 past enigszins;2 past niet;1 past helemaal niet;4 past wel;man;1995;21;1000;Logistiek;
Op kamers (gedeeld gebruik san. en/of keuken);18;300;ja;3 21-40 min.;9;Ik heb een eigen douche en wc en een mooie kamer.;weet ik  (nog)  niet;;;;;;;;18;350;1 zeer belangrijk;3 neutraal;4 onbelangrijk;3 neutraal;2 belangrijk;4 onbelangrijk;4 onbelangrijk;4 past wel;3 past enigszins;4 past wel;4 past wel;2 past niet;vrouw;1997;19;1000;Logistiek;NVT
Eenkamerwoning met eigen voorzieningen;18;340;ja;1 minder dan 10 min.;8;gezellig huis;ja, zeer korte termijn;wel;wel;wel;;wel;;;15;400;2 belangrijk;4 onbelangrijk;1 zeer belangrijk;3 neutraal;1 zeer belangrijk;3 neutraal;2 belangrijk;5 past volledig;3 past enigszins;5 past volledig;1 past helemaal niet;3 past enigszins;man;1990;26;1400;Logistiek;
Bij ouders;9;0;Nee;6 langer dan 90 min.;8;Er wordt thuis goed voor mij gezorgd , maar het is wel behoorlijk ver van de opleiding.;nee, voorlopig niet van plan;;;;;;;;10;;2 belangrijk;3 neutraal;3 neutraal;2 belangrijk;1 zeer belangrijk;3 neutraal;2 belangrijk;4 past wel;2 past niet;2 past niet;1 past helemaal niet;3 past enigszins;man;1998;18;120;Logistiek;Goede enquˆte, kort en niet alles was verplicht wel goede vragen passend bij student.
Bij ouders;10;0;Nee;5 61-90 min.;9;;weet ik  (nog)  niet;;;;;;;;12;420;2 belangrijk;4 onbelangrijk;4 onbelangrijk;4 onbelangrijk;1 zeer belangrijk;2 belangrijk;2 belangrijk;2 past niet;4 past wel;2 past niet;4 past wel;4 past wel;man;1997;19;900;Logistiek;NEE
Bij ouders;12;0;Nee;2 10-20 min.;8;;nee, voorlopig niet van plan;;;;;;;;;;1 zeer belangrijk;2 belangrijk;3 neutraal;2 belangrijk;2 belangrijk;3 neutraal;2 belangrijk;4 past wel;4 past wel;3 past enigszins;3 past enigszins;2 past niet;man;1997;19;1000;Logistiek;
Bij ouders;16;0;Nee;4 41-60 min.;8;ik vind thuis wonen wel fijn, maar het kan altijd beter.;nee, voorlopig niet van plan;;;;;;;;12;340;2 belangrijk;3 neutraal;2 belangrijk;3 neutraal;2 belangrijk;2 belangrijk;2 belangrijk;3 past enigszins;2 past niet;3 past enigszins;2 past niet;4 past wel;man;1997;19;360;Logistiek;was een duidelijke enquete
Bij ouders;13;0;Nee;5 61-90 min.;8;Nooit geen overlast, lekker rustig en prima naar mijn zin.;nee, voorlopig niet van plan;;;;;;;;25;600;1 zeer belangrijk;3 neutraal;2 belangrijk;3 neutraal;4 onbelangrijk;3 neutraal;5 zeer onbelangrijk;4 past wel;3 past enigszins;2 past niet;4 past wel;4 past wel;man;1998;18;200;Logistiek;
Bij ouders;500;500;Nee;5 61-90 min.;8;Bevalt nog altijd goed thuis wonen;nee, voorlopig niet van plan;;;;;;;;20;400;2 belangrijk;2 belangrijk;1 zeer belangrijk;2 belangrijk;2 belangrijk;2 belangrijk;1 zeer belangrijk;4 past wel;4 past wel;3 past enigszins;2 past niet;3 past enigszins;man;1998;18;230;Logistiek;
Bij ouders;12;0;Nee;3 21-40 min.;7;;weet ik  (nog)  niet;;;;;;;;;;2 belangrijk;3 neutraal;3 neutraal;3 neutraal;3 neutraal;3 neutraal;3 neutraal;3 past enigszins;2 past niet;3 past enigszins;3 past enigszins;1 past helemaal niet;man;1998;18;100;Logistiek;
Bij ouders;12;0;Nee;5 61-90 min.;6;Ik woon erg ver van school vandaan, waardoor ik lang moet reizen;weet ik  (nog)  niet;;;;;;;;10;400;2 belangrijk;3 neutraal;3 neutraal;3 neutraal;2 belangrijk;2 belangrijk;3 neutraal;4 past wel;4 past wel;3 past enigszins;3 past enigszins;4 past wel;vrouw;1998;18;450;Logistiek;
Bij ouders;525;150;Nee;3 21-40 min.;8;thuis wonen is goedkoper;ja, over meer dan 1 jaar;wel;wel;;wel;wel;;;15;400;2 belangrijk;3 neutraal;2 belangrijk;4 onbelangrijk;2 belangrijk;4 onbelangrijk;4 onbelangrijk;4 past wel;4 past wel;3 past enigszins;4 past wel;2 past niet;vrouw;1995;21;500;Logistiek;goede voorbeelden van studentenkamers
Bij ouders;18;0;Nee;5 61-90 min.;9;Veel ruimte, kost niks, alles in de buurt. Reis- afstand/tijd naar school echter te lang.;nee, voorlopig niet van plan;;;;;;;;20;150;2 belangrijk;4 onbelangrijk;4 onbelangrijk;1 zeer belangrijk;2 belangrijk;3 neutraal;3 neutraal;3 past enigszins;4 past wel;4 past wel;2 past niet;1 past helemaal niet;man;1996;20;500;Logistiek;
Bij ouders;50;0;Nee;3 21-40 min.;10;nee;nee, voorlopig niet van plan;;;;;;;;30;400;2 belangrijk;3 neutraal;1 zeer belangrijk;2 belangrijk;3 neutraal;2 belangrijk;4 onbelangrijk;3 past enigszins;4 past wel;3 past enigszins;4 past wel;3 past enigszins;man;1996;20;450;Logistiek;nee
Bij ouders;8;0;Nee;3 21-40 min.;10;;nee, voorlopig niet van plan;;;;;;;;;;1 zeer belangrijk;3 neutraal;2 belangrijk;4 onbelangrijk;2 belangrijk;4 onbelangrijk;4 onbelangrijk;4 past wel;2 past niet;2 past niet;2 past niet;2 past niet;vrouw;1997;19;350;Logistiek;
Bij ouders;18;0;Nee;5 61-90 min.;8;redelijk dicht bij school, vrienden en steden;nee, voorlopig niet van plan;;;;;;;;15;350;1 zeer belangrijk;3 neutraal;2 belangrijk;4 onbelangrijk;1 zeer belangrijk;3 neutraal;3 neutraal;2 past niet;3 past enigszins;1 past helemaal niet;4 past wel;3 past enigszins;man;1998;18;500;Logistiek;
Bij ouders;55;0;Nee;4 41-60 min.;9;Ik woon redelijk dicht bij het station, waardoor de reistijd meevalt.;nee, voorlopig niet van plan;;;;;;;;10;150;2 belangrijk;2 belangrijk;3 neutraal;4 onbelangrijk;5 zeer onbelangrijk;4 onbelangrijk;5 zeer onbelangrijk;3 past enigszins;4 past wel;2 past niet;2 past niet;5 past volledig;vrouw;1998;18;190;Logistiek;
Bij ouders;375;0;Nee;6 langer dan 90 min.;8;Ik woon in een rustige omgeving, met alles binnen een bereik van 10 minuten fietsen. dat vind ik wel prima.;weet ik  (nog)  niet;;;;;;;;;;3 neutraal;4 onbelangrijk;4 onbelangrijk;3 neutraal;1 zeer belangrijk;2 belangrijk;2 belangrijk;4 past wel;5 past volledig;2 past niet;5 past volledig;4 past wel;man;1996;20;80;Logistiek;
Bij ouders;300;0;Nee;3 21-40 min.;8;Lekker in de buurt bij school eb bij vrienden;nee, voorlopig niet van plan;;;;;;;;30;400;2 belangrijk;3 neutraal;3 neutraal;2 belangrijk;2 belangrijk;2 belangrijk;2 belangrijk;4 past wel;4 past wel;2 past niet;4 past wel;4 past wel;man;1997;19;280;Logistiek;Nee
Bij ouders;200;0;ja;2 10-20 min.;9;;ja, over meer dan 1 jaar;wel;wel;wel;wel;wel;wel;wel;30;400;2 belangrijk;2 belangrijk;3 neutraal;3 neutraal;3 neutraal;2 belangrijk;2 belangrijk;2 past niet;4 past wel;4 past wel;4 past wel;3 past enigszins;vrouw;1998;18;300;Logistiek;
Op kamers (gedeeld gebruik san. en/of keuken);16;330;ja;3 21-40 min.;3;;ja, binnen half jaar;wel;wel;wel;;wel;wel;;20;400;3 neutraal;2 belangrijk;2 belangrijk;3 neutraal;2 belangrijk;1 zeer belangrijk;1 zeer belangrijk;5 past volledig;3 past enigszins;4 past wel;1 past helemaal niet;3 past enigszins;man;1992;24;800;Logistiek;
Bij ouders;18;0;Nee;5 61-90 min.;8;Mijn eten wordt gekookt en hoef mijn kleren niet te wassen;nee, voorlopig niet van plan;;;;;;;;25;2000;2 belangrijk;4 onbelangrijk;3 neutraal;2 belangrijk;3 neutraal;3 neutraal;3 neutraal;4 past wel;3 past enigszins;3 past enigszins;3 past enigszins;3 past enigszins;man;1997;19;1200;Logistiek;nee
Bij ouders;15;0;Nee;3 21-40 min.;7;;ja, binnen half jaar;wel;;wel;wel;;;;15;350;3 neutraal;4 onbelangrijk;4 onbelangrijk;4 onbelangrijk;1 zeer belangrijk;3 neutraal;2 belangrijk;3 past enigszins;4 past wel;2 past niet;1 past helemaal niet;4 past wel;man;1995;21;450;Logistiek;
Bij ouders;11;0;Nee;5 61-90 min.;7;ik heb een beetje een aparte kamer waardoor de manier waarop je de kamer kunt indelen wat betreft meubels vrij beperkt is;nee, voorlopig niet van plan;;;;;;;;16;800;2 belangrijk;3 neutraal;3 neutraal;3 neutraal;2 belangrijk;3 neutraal;4 onbelangrijk;2 past niet;2 past niet;5 past volledig;1 past helemaal niet;1 past helemaal niet;man;1996;20;300;Logistiek;Niet echt van toepassing voor mij omdat ik voorlopig nog niet van plan ben om op mezelf te gaan wonen
Bij ouders;25;100;Nee;6 langer dan 90 min.;8;woon er bijna gratis;ja, over een  half jaar tot een jaar;wel;;wel;wel;wel;;;20;400;3 neutraal;4 onbelangrijk;3 neutraal;3 neutraal;2 belangrijk;2 belangrijk;3 neutraal;4 past wel;3 past enigszins;2 past niet;1 past helemaal niet;3 past enigszins;man;1990;26;850;Logistiek;
Bij ouders;20;0;Nee;5 61-90 min.;8;;nee, voorlopig niet van plan;;;;;;;;25;400;1 zeer belangrijk;4 onbelangrijk;3 neutraal;2 belangrijk;1 zeer belangrijk;2 belangrijk;2 belangrijk;4 past wel;2 past niet;4 past wel;3 past enigszins;2 past niet;vrouw;1998;18;175;Human Resource Management;Nee
Bij ouders;15;0;ja;5 61-90 min.;7;;nee, voorlopig niet van plan;;;;;;;;14;300;1 zeer belangrijk;2 belangrijk;3 neutraal;2 belangrijk;1 zeer belangrijk;2 belangrijk;1 zeer belangrijk;4 past wel;3 past enigszins;4 past wel;2 past niet;3 past enigszins;vrouw;1997;19;150;Human Resource Management;Nee
anders;9;850;Nee;6 langer dan 90 min.;7;;ja, binnen half jaar;wel;;wel;;;wel;;10;600;1 zeer belangrijk;3 neutraal;1 zeer belangrijk;2 belangrijk;2 belangrijk;3 neutraal;3 neutraal;2 past niet;1 past helemaal niet;5 past volledig;1 past helemaal niet;1 past helemaal niet;vrouw;1992;24;800;Human Resource Management;Nee
Bij ouders;7;0;Nee;5 61-90 min.;7;;ja, over een  half jaar tot een jaar;wel;;wel;wel;wel;;;12;270;3 neutraal;3 neutraal;2 belangrijk;3 neutraal;1 zeer belangrijk;3 neutraal;3 neutraal;3 past enigszins;2 past niet;1 past helemaal niet;2 past niet;4 past wel;man;1995;21;850;Human Resource Management;leuke enquˆte, gaf veel inkijk op mogelijkheden
Bij ouders;40;0;ja;1 minder dan 10 min.;8;;ja, over een  half jaar tot een jaar;wel;;;;wel;;;20;450;2 belangrijk;3 neutraal;2 belangrijk;4 onbelangrijk;3 neutraal;3 neutraal;3 neutraal;3 past enigszins;2 past niet;4 past wel;2 past niet;4 past wel;man;1996;20;400;Human Resource Management;
Bij ouders;12;0;Nee;4 41-60 min.;8;;ja, binnen half jaar;wel;;;;wel;;;15;500;2 belangrijk;3 neutraal;1 zeer belangrijk;4 onbelangrijk;1 zeer belangrijk;1 zeer belangrijk;3 neutraal;2 past niet;3 past enigszins;5 past volledig;2 past niet;5 past volledig;vrouw;1993;23;900;Human Resource Management;
Bij ouders;20;0;Nee;2 10-20 min.;10;;nee, voorlopig niet van plan;;;;;;;;20;500;1 zeer belangrijk;3 neutraal;2 belangrijk;3 neutraal;1 zeer belangrijk;2 belangrijk;4 onbelangrijk;4 past wel;2 past niet;5 past volledig;3 past enigszins;2 past niet;vrouw;1998;18;640;Human Resource Management;
Bij ouders;6;0;Nee;4 41-60 min.;6;kost niks maar niet ideaal;ja, over meer dan 1 jaar;wel;;wel;wel;wel;;;8;300;2 belangrijk;4 onbelangrijk;4 onbelangrijk;3 neutraal;1 zeer belangrijk;2 belangrijk;2 belangrijk;4 past wel;4 past wel;3 past enigszins;3 past enigszins;2 past niet;man;1996;20;150;Human Resource Management;nee
Bij ouders;72;0;Nee;4 41-60 min.;6;Zou graag uit huis willen wonen.;ja, over een  half jaar tot een jaar;wel;;wel;wel;;;;8;;3 neutraal;4 onbelangrijk;3 neutraal;3 neutraal;1 zeer belangrijk;2 belangrijk;3 neutraal;2 past niet;3 past enigszins;2 past niet;2 past niet;3 past enigszins;man;1996;20;200;Human Resource Management;
Bij ouders;12;0;Nee;4 41-60 min.;7;nee;nee, voorlopig niet van plan;;;;;;;;20;450;2 belangrijk;2 belangrijk;1 zeer belangrijk;4 onbelangrijk;1 zeer belangrijk;1 zeer belangrijk;3 neutraal;3 past enigszins;1 past helemaal niet;3 past enigszins;1 past helemaal niet;3 past enigszins;vrouw;1997;19;1100;Human Resource Management;nee
Bij ouders;18;0;Nee;6 langer dan 90 min.;10;;nee, voorlopig niet van plan;;;;;;;;12;350;1 zeer belangrijk;2 belangrijk;2 belangrijk;4 onbelangrijk;1 zeer belangrijk;3 neutraal;3 neutraal;4 past wel;3 past enigszins;4 past wel;2 past niet;2 past niet;vrouw;1998;18;250;Human Resource Management;
Bij ouders;12;30;Nee;5 61-90 min.;8;;ja, over meer dan 1 jaar;wel;;;;;;;20;400;2 belangrijk;2 belangrijk;3 neutraal;1 zeer belangrijk;1 zeer belangrijk;3 neutraal;3 neutraal;2 past niet;2 past niet;3 past enigszins;3 past enigszins;1 past helemaal niet;man;1991;25;1000;Human Resource Management;
Eenkamerwoning met eigen voorzieningen;13;307;ja;1 minder dan 10 min.;6;Ik wil dichter bij het centrum wonnen;ja, binnen half jaar;;;wel;wel;;;;12;350;1 zeer belangrijk;2 belangrijk;3 neutraal;3 neutraal;1 zeer belangrijk;4 onbelangrijk;2 belangrijk;4 past wel;4 past wel;3 past enigszins;1 past helemaal niet;2 past niet;vrouw;1996;20;800;Human Resource Management;Nee
Bij ouders;15;0;Nee;4 41-60 min.;7;Het lijkt me leuk om alleen te gaan wonen en mijn woonplaats is toch best ver weg van mijn school. Het is aan de andere kant ook leuk om met mijn familie nog thuis te wonen en het geeft geen kosten.;ja, over een  half jaar tot een jaar;;;wel;wel;;;wel;18;360;3 neutraal;3 neutraal;3 neutraal;4 onbelangrijk;3 neutraal;2 belangrijk;3 neutraal;2 past niet;3 past enigszins;1 past helemaal niet;1 past helemaal niet;4 past wel;vrouw;1998;18;482;Human Resource Management;Interessante enquˆte
Op kamers (gedeeld gebruik san. en/of keuken);18;370;ja;2 10-20 min.;7;i heb alles wat ik nodig heb, wel primitief en weinig luxe, verder ben ik blij dat ik met 2 vrienden samen woon;nee, voorlopig niet van plan;;;;;;;;16;390;3 neutraal;4 onbelangrijk;3 neutraal;2 belangrijk;1 zeer belangrijk;3 neutraal;3 neutraal;4 past wel;4 past wel;4 past wel;2 past niet;4 past wel;man;1996;20;600;Human Resource Management;Redelijke enquete, de studentenwoning vragen waren soms wat lang en daar wilde ik zo snel mogelijk door heen
Bij ouders;45;0;ja;2 10-20 min.;9;woon er al langer dan 15 jaar;nee, voorlopig niet van plan;;;;;;;;60;250;2 belangrijk;3 neutraal;1 zeer belangrijk;1 zeer belangrijk;1 zeer belangrijk;1 zeer belangrijk;2 belangrijk;1 past helemaal niet;3 past enigszins;1 past helemaal niet;1 past helemaal niet;1 past helemaal niet;man;1992;24;980;Human Resource Management;Antwoord mogelijkheden i.p.v. open vragen over m2
Op kamers (gedeeld gebruik san. en/of keuken);16;435;ja;1 minder dan 10 min.;8;Alles is redelijk dichtbij.;nee, voorlopig niet van plan;;;;;;;;18;435;1 zeer belangrijk;2 belangrijk;3 neutraal;2 belangrijk;2 belangrijk;3 neutraal;4 onbelangrijk;3 past enigszins;4 past wel;3 past enigszins;1 past helemaal niet;4 past wel;man;1997;19;1016;Human Resource Management;Het is niet echt priv‚ als je gaat vragen naar klas en onderzoeksgroep en geboortedatum.
Bij ouders;56;0;Nee;5 61-90 min.;10;Thuis, geen kosten.;ja, over een  half jaar tot een jaar;wel;;wel;wel;wel;;;20;320;1 zeer belangrijk;3 neutraal;3 neutraal;4 onbelangrijk;2 belangrijk;3 neutraal;3 neutraal;4 past wel;3 past enigszins;3 past enigszins;1 past helemaal niet;4 past wel;man;1993;23;350;Human Resource Management;goede enquˆte
Op kamers (gedeeld gebruik san. en/of keuken);20;366;Nee;4 41-60 min.;7;Ben toe aan een zelfstandige woning;ja, binnen half jaar;wel;wel;;;;;;50;400;2 belangrijk;2 belangrijk;3 neutraal;2 belangrijk;1 zeer belangrijk;3 neutraal;3 neutraal;2 past niet;1 past helemaal niet;4 past wel;3 past enigszins;2 past niet;vrouw;1994;22;1100;Human Resource Management;-
Bij ouders;13;350;Nee;4 41-60 min.;10;-;weet ik  (nog)  niet;;;;;;;;15;350;1 zeer belangrijk;3 neutraal;1 zeer belangrijk;1 zeer belangrijk;1 zeer belangrijk;1 zeer belangrijk;3 neutraal;4 past wel;4 past wel;4 past wel;4 past wel;4 past wel;vrouw;1996;20;250;Human Resource Management;Nee
Op kamers (gedeeld gebruik san. en/of keuken);25;300;ja;1 minder dan 10 min.;5;;weet ik  (nog)  niet;;;;;;;;25;400;3 neutraal;3 neutraal;3 neutraal;3 neutraal;3 neutraal;3 neutraal;3 neutraal;5 past volledig;4 past wel;2 past niet;4 past wel;4 past wel;vrouw;1998;18;500;Human Resource Management;
Op kamers (gedeeld gebruik san. en/of keuken);16;350;ja;2 10-20 min.;7;Prima huis alleen wat oud;ja, over meer dan 1 jaar;wel;wel;;;;;;15;450;2 belangrijk;4 onbelangrijk;3 neutraal;3 neutraal;1 zeer belangrijk;1 zeer belangrijk;2 belangrijk;4 past wel;3 past enigszins;3 past enigszins;3 past enigszins;3 past enigszins;man;1997;19;1200;Human Resource Management;
Op kamers (gedeeld gebruik san. en/of keuken);35;494;ja;1 minder dan 10 min.;10;Goede locatie en leuke huisgenoten;nee, voorlopig niet van plan;;;;;;;;15;360;2 belangrijk;3 neutraal;4 onbelangrijk;2 belangrijk;2 belangrijk;4 onbelangrijk;4 onbelangrijk;4 past wel;5 past volledig;2 past niet;3 past enigszins;4 past wel;vrouw;1995;21;850;Human Resource Management;
Op kamers (gedeeld gebruik san. en/of keuken);18;350;ja;1 minder dan 10 min.;7;;ja, over een  half jaar tot een jaar;;wel;;wel;wel;;;15;325;3 neutraal;2 belangrijk;3 neutraal;3 neutraal;2 belangrijk;2 belangrijk;2 belangrijk;4 past wel;3 past enigszins;2 past niet;1 past helemaal niet;3 past enigszins;man;1994;22;950;Human Resource Management;-
Bij ouders;12;0;ja;1 minder dan 10 min.;7;;nee, voorlopig niet van plan;;;;;;;;;;3 neutraal;3 neutraal;5 zeer onbelangrijk;2 belangrijk;2 belangrijk;3 neutraal;5 zeer onbelangrijk;1 past helemaal niet;1 past helemaal niet;4 past wel;1 past helemaal niet;1 past helemaal niet;man;1994;22;900;Human Resource Management;
zelfstandige huurwoning;60;450;ja;2 10-20 min.;8;Het is op loopafstand van station en stad en een prima appartement.;nee, voorlopig niet van plan;;;;;;;;18;300;3 neutraal;3 neutraal;3 neutraal;1 zeer belangrijk;1 zeer belangrijk;2 belangrijk;3 neutraal;3 past enigszins;4 past wel;3 past enigszins;4 past wel;4 past wel;man;1993;23;1000;Human Resource Management;
Bij ouders;18;0;Nee;3 21-40 min.;8;;ja, over een  half jaar tot een jaar;wel;wel;wel;wel;wel;;;17;400;2 belangrijk;2 belangrijk;3 neutraal;4 onbelangrijk;2 belangrijk;1 zeer belangrijk;3 neutraal;4 past wel;2 past niet;3 past enigszins;1 past helemaal niet;5 past volledig;vrouw;1995;21;350;Human Resource Management;
Bij ouders;13;0;Nee;6 langer dan 90 min.;4;de afstand is te ver;ja, over een  half jaar tot een jaar;;;wel;wel;wel;;;20;400;1 zeer belangrijk;3 neutraal;1 zeer belangrijk;3 neutraal;1 zeer belangrijk;2 belangrijk;3 neutraal;4 past wel;1 past helemaal niet;3 past enigszins;1 past helemaal niet;4 past wel;man;1997;19;580;Human Resource Management;Prima opgezette enquˆte, niet te lang en toch veel informatie verstrekt.
Bij ouders;18;100;Nee;5 61-90 min.;5;;ja, binnen half jaar;wel;;wel;wel;;wel;;18;350;3 neutraal;3 neutraal;4 onbelangrijk;4 onbelangrijk;1 zeer belangrijk;2 belangrijk;2 belangrijk;3 past enigszins;3 past enigszins;3 past enigszins;3 past enigszins;4 past wel;vrouw;1995;21;900;Human Resource Management;
Op kamers (gedeeld gebruik san. en/of keuken);12;350;ja;1 minder dan 10 min.;8;Mijn kamer zit midden in het centrum dus dat is fijn;nee, voorlopig niet van plan;;;;;;;;15;400;3 neutraal;4 onbelangrijk;3 neutraal;3 neutraal;2 belangrijk;1 zeer belangrijk;3 neutraal;4 past wel;2 past niet;3 past enigszins;1 past helemaal niet;4 past wel;vrouw;1997;19;600;Human Resource Management;Nee
Bij ouders;10;0;Nee;5 61-90 min.;7;mijn huidige woonruimte is prima;nee, voorlopig niet van plan;;;;;;;;;;2 belangrijk;3 neutraal;2 belangrijk;3 neutraal;2 belangrijk;2 belangrijk;3 neutraal;3 past enigszins;4 past wel;3 past enigszins;4 past wel;4 past wel;vrouw;1998;18;150;Human Resource Management;nee
zelfstandige huurwoning;11;531;ja;2 10-20 min.;8;Ik vind dat ik een goede woonruimte heb. Met alles wat ik nodig heb. Alleen mijn familie mis ik nog.;nee, voorlopig niet van plan;;;;;;;;15;600;1 zeer belangrijk;3 neutraal;3 neutraal;4 onbelangrijk;1 zeer belangrijk;3 neutraal;3 neutraal;4 past wel;1 past helemaal niet;2 past niet;1 past helemaal niet;1 past helemaal niet;vrouw;1995;21;1100;Human Resource Management;nee
Bij ouders;18;0;Nee;4 41-60 min.;8;Ik woon nog fijn thuis bij mijn ouders en dat vind ik prima zo.;nee, voorlopig niet van plan;;;;;;;;20;350;2 belangrijk;3 neutraal;2 belangrijk;2 belangrijk;1 zeer belangrijk;1 zeer belangrijk;3 neutraal;3 past enigszins;2 past niet;2 past niet;1 past helemaal niet;5 past volledig;vrouw;1997;19;800;Human Resource Management;Slechte vragen, vraag 1 is wat mijn woonsituatie is, antwoord ik bij mijn ouders. Worden er alsnog verplichte vragen gesteld hoe groot mijn kamer moet zijn en hoe duur. Ik zeg toch dat ik bij mijn ouders woon..
Op kamers (gedeeld gebruik san. en/of keuken);19;330;Nee;4 41-60 min.;9;;nee, voorlopig niet van plan;;;;;;;;19;300;1 zeer belangrijk;3 neutraal;2 belangrijk;4 onbelangrijk;2 belangrijk;1 zeer belangrijk;4 onbelangrijk;5 past volledig;3 past enigszins;2 past niet;4 past wel;5 past volledig;vrouw;1994;22;900;Human Resource Management;zijn veel dubbele vragen
Bij ouders;16;0;Nee;4 41-60 min.;8;Overal dichtbij;ja, binnen half jaar;wel;;wel;wel;;;;30;450;2 belangrijk;3 neutraal;2 belangrijk;3 neutraal;2 belangrijk;1 zeer belangrijk;2 belangrijk;4 past wel;2 past niet;4 past wel;1 past helemaal niet;4 past wel;vrouw;1997;19;400;Human Resource Management;
Op kamers (gedeeld gebruik san. en/of keuken);18;400;ja;2 10-20 min.;7;Ik ben blij met mijn huis en de grootte van mijn kamer. Alleen zit mijn kamer in de kelder waardoor ik te weinig licht heb.;nee, voorlopig niet van plan;;;;;;;;30;400;2 belangrijk;3 neutraal;1 zeer belangrijk;4 onbelangrijk;2 belangrijk;1 zeer belangrijk;4 onbelangrijk;4 past wel;2 past niet;4 past wel;1 past helemaal niet;3 past enigszins;vrouw;1995;21;500;Human Resource Management;
Bij ouders;25;0;Nee;5 61-90 min.;8;Zeer fijne omstandigheden, soms te luidruchtig;nee, voorlopig niet van plan;;;;;;;;20;400;2 belangrijk;2 belangrijk;2 belangrijk;4 onbelangrijk;3 neutraal;2 belangrijk;3 neutraal;4 past wel;2 past niet;4 past wel;3 past enigszins;4 past wel;man;1998;18;250;Human Resource Management;Nee
Bij ouders;15;0;Nee;4 41-60 min.;8;Ik woon bij me ouders dus is goed maar zou wel graag uit huis willen;ja, binnen half jaar;wel;;wel;wel;;;;20;750;2 belangrijk;3 neutraal;2 belangrijk;2 belangrijk;1 zeer belangrijk;2 belangrijk;3 neutraal;3 past enigszins;1 past helemaal niet;4 past wel;1 past helemaal niet;1 past helemaal niet;vrouw;1994;22;800;Human Resource Management;
Bij ouders;25;0;Nee;3 21-40 min.;9;Thuis bij je ouders zonder extra kosten is altijd prettig.;weet ik  (nog)  niet;;;;;;;;20;399;2 belangrijk;3 neutraal;3 neutraal;2 belangrijk;1 zeer belangrijk;1 zeer belangrijk;2 belangrijk;4 past wel;2 past niet;4 past wel;3 past enigszins;3 past enigszins;man;1996;20;750;Human Resource Management;Een goede eenvoudige enquete, zeer gemakkelijk in te vullen.
Bij ouders;6;0;Nee;6 langer dan 90 min.;8;ik woon bij mijn ouders, dus dat is gewoon fijn;ja, over meer dan 1 jaar;wel;;;wel;wel;;;20;600;2 belangrijk;3 neutraal;4 onbelangrijk;3 neutraal;1 zeer belangrijk;2 belangrijk;4 onbelangrijk;2 past niet;2 past niet;4 past wel;2 past niet;2 past niet;man;1997;19;500;Human Resource Management;
Bij ouders;4;0;ja;3 21-40 min.;8;Totale reistijd met het lopen naar school erbij, is het ongeveer halfuurtje. Dat is wel te doen;nee, voorlopig niet van plan;;;;;;;;10;20;1 zeer belangrijk;3 neutraal;3 neutraal;3 neutraal;1 zeer belangrijk;3 neutraal;4 onbelangrijk;3 past enigszins;3 past enigszins;4 past wel;2 past niet;2 past niet;vrouw;1994;22;400;Human Resource Management;Niet handig ivm een google account. Er is daar geen rekening mee gehouden. Niet iedereen heeft een google account, en een enquete via google te hanteren plicht je studenten wel om een account aan te maken.
Bij ouders;20;0;ja;3 21-40 min.;10;Er is niks beters dan thuis wonen;nee, voorlopig niet van plan;;;;;;;;20;350;1 zeer belangrijk;5 zeer onbelangrijk;3 neutraal;2 belangrijk;2 belangrijk;4 onbelangrijk;4 onbelangrijk;3 past enigszins;1 past helemaal niet;4 past wel;2 past niet;2 past niet;vrouw;1994;22;800;Human Resource Management;
Op kamers (gedeeld gebruik san. en/of keuken);20;350;ja;1 minder dan 10 min.;9;Ik huur het appartement via de vader van een goede vriend. Hierdoor zijn er relaxte omstandigheden in het huis. Vrij om alles te doen.;nee, voorlopig niet van plan;;;;;;;;18;400;3 neutraal;2 belangrijk;2 belangrijk;3 neutraal;2 belangrijk;1 zeer belangrijk;2 belangrijk;4 past wel;2 past niet;4 past wel;1 past helemaal niet;4 past wel;man;1995;21;800;Human Resource Management;Duidelijke vragen en makkelijk in te vullen.
Bij ouders;6;0;Nee;3 21-40 min.;7;Ik heb het prima naar mijn zin thuis. Alleen vind ik het jammer dat er niks te beleven valt in het dorp.;nee, voorlopig niet van plan;;;;;;;;6;350;1 zeer belangrijk;3 neutraal;3 neutraal;3 neutraal;3 neutraal;3 neutraal;3 neutraal;5 past volledig;3 past enigszins;2 past niet;2 past niet;3 past enigszins;vrouw;1996;20;200;Human Resource Management;Nee
Op kamers (gedeeld gebruik san. en/of keuken);13;300;ja;2 10-20 min.;7;;nee, voorlopig niet van plan;;;;;;;;;;2 belangrijk;4 onbelangrijk;3 neutraal;4 onbelangrijk;2 belangrijk;3 neutraal;3 neutraal;4 past wel;4 past wel;2 past niet;3 past enigszins;4 past wel;man;1994;22;750;Human Resource Management;
Bij ouders;40;0;Nee;4 41-60 min.;7;Het reizen is niet zo fijn maar verder kost het me niets om thuis te wonen;nee, voorlopig niet van plan;;;;;;;;50;350;3 neutraal;3 neutraal;1 zeer belangrijk;3 neutraal;2 belangrijk;2 belangrijk;3 neutraal;3 past enigszins;3 past enigszins;5 past volledig;2 past niet;3 past enigszins;vrouw;1998;18;350;Human Resource Management;Nee
Bij ouders;20;0;Nee;3 21-40 min.;7;;ja, over een  half jaar tot een jaar;wel;;wel;;wel;;;20;350;2 belangrijk;4 onbelangrijk;2 belangrijk;4 onbelangrijk;1 zeer belangrijk;2 belangrijk;3 neutraal;4 past wel;2 past niet;2 past niet;3 past enigszins;5 past volledig;man;1996;20;300;Human Resource Management;nee
Bij ouders;12;0;Nee;4 41-60 min.;5;Ik ben niet ontevreden over mijn huidige woonsituatie maar zou graag op kamers gaan.;ja, over een  half jaar tot een jaar;wel;;wel;;;;;10;500;5 zeer onbelangrijk;4 onbelangrijk;3 neutraal;4 onbelangrijk;1 zeer belangrijk;2 belangrijk;2 belangrijk;5 past volledig;3 past enigszins;4 past wel;3 past enigszins;2 past niet;man;1996;20;800;Human Resource Management;
Op kamers (gedeeld gebruik san. en/of keuken);18;300;ja;2 10-20 min.;5;Het huis is slecht onderhouden. Ik zou graag mijn eigen plek willen waarbij ik mijn keuken, wc en badkamer niet hoef te delen met huisgenoten, maar dat is onmogelijk te krijgen voor een betaalbare prijs in Nijmegen.;ja, over een  half jaar tot een jaar;;wel;;;;;;20;550;2 belangrijk;3 neutraal;2 belangrijk;4 onbelangrijk;2 belangrijk;3 neutraal;4 onbelangrijk;4 past wel;1 past helemaal niet;5 past volledig;1 past helemaal niet;3 past enigszins;vrouw;1993;23;700;Human Resource Management;
Bij ouders;8;100;Nee;5 61-90 min.;7;;ja, over meer dan 1 jaar;wel;wel;wel;wel;wel;;;16;250;1 zeer belangrijk;3 neutraal;3 neutraal;3 neutraal;1 zeer belangrijk;2 belangrijk;2 belangrijk;3 past enigszins;2 past niet;4 past wel;2 past niet;4 past wel;man;1998;18;900;Human Resource Management;
Bij ouders;8;0;Nee;4 41-60 min.;8;;ja, binnen half jaar;;;wel;;wel;;;15;350;2 belangrijk;3 neutraal;1 zeer belangrijk;1 zeer belangrijk;1 zeer belangrijk;2 belangrijk;1 zeer belangrijk;3 past enigszins;2 past niet;4 past wel;2 past niet;2 past niet;vrouw;1997;19;230;Human Resource Management;
Bij ouders;19;0;Nee;3 21-40 min.;8;;nee, voorlopig niet van plan;;;;;;;;15;340;3 neutraal;3 neutraal;3 neutraal;2 belangrijk;1 zeer belangrijk;2 belangrijk;2 belangrijk;4 past wel;2 past niet;3 past enigszins;1 past helemaal niet;2 past niet;man;1998;18;580;Human Resource Management;Nope
anders;19;125;Nee;6 langer dan 90 min.;7;Ik ben tevreden maar we zouden graag op ons zelf gaan (we zijn bezig met sparen;ja, over een  half jaar tot een jaar;wel;wel;;;;;;45;1000;2 belangrijk;1 zeer belangrijk;1 zeer belangrijk;2 belangrijk;2 belangrijk;2 belangrijk;4 onbelangrijk;1 past helemaal niet;1 past helemaal niet;3 past enigszins;1 past helemaal niet;1 past helemaal niet;vrouw;1994;22;300;Human Resource Management;
Bij ouders;8;0;Nee;3 21-40 min.;10;Thuis heb ik het goed, ik hoef geen eten te koken, de was niet te doen, stofzuigen. Ik heb thuis alle rust die ik nodig heb.;nee, voorlopig niet van plan;;;;;;;;;250;2 belangrijk;2 belangrijk;2 belangrijk;1 zeer belangrijk;1 zeer belangrijk;1 zeer belangrijk;1 zeer belangrijk;4 past wel;3 past enigszins;5 past volledig;2 past niet;2 past niet;vrouw;1996;20;400;Human Resource Management;nee
Op kamers (gedeeld gebruik san. en/of keuken);20;370;ja;1 minder dan 10 min.;9;Het is dichtbij het centrum en ik heb een mooie, grote kamer;nee, voorlopig niet van plan;;;;;;;;20;400;3 neutraal;4 onbelangrijk;3 neutraal;5 zeer onbelangrijk;1 zeer belangrijk;1 zeer belangrijk;3 neutraal;3 past enigszins;2 past niet;2 past niet;1 past helemaal niet;3 past enigszins;vrouw;1998;18;850;Human Resource Management;
Bij ouders;12;0;Nee;4 41-60 min.;7;De verbinding naar school toe is erg fijn. Vanaf station heyendaal is het maar 5 minuutjes lopen;ja, over meer dan 1 jaar;;;wel;wel;;;;;400;1 zeer belangrijk;3 neutraal;2 belangrijk;2 belangrijk;1 zeer belangrijk;2 belangrijk;2 belangrijk;3 past enigszins;2 past niet;3 past enigszins;3 past enigszins;4 past wel;vrouw;1995;21;1200;Human Resource Management;
Bij ouders;15;0;Nee;5 61-90 min.;6;Gaat thuis prima maar ben op korte termijn wel op zoek naar een kamer.;ja, over meer dan 1 jaar;wel;;;;;;;12;350;2 belangrijk;3 neutraal;2 belangrijk;4 onbelangrijk;2 belangrijk;3 neutraal;4 onbelangrijk;2 past niet;3 past enigszins;2 past niet;3 past enigszins;3 past enigszins;man;1998;18;200;Human Resource Management;nee
Bij ouders;14;0;Nee;4 41-60 min.;7;het is goedkoop en makkelijk wonen bij je ouders maar het is wel elke dag een eind naar school rijden.;weet ik  (nog)  niet;;;;;;;;15;500;2 belangrijk;4 onbelangrijk;3 neutraal;4 onbelangrijk;2 belangrijk;3 neutraal;3 neutraal;4 past wel;2 past niet;3 past enigszins;4 past wel;2 past niet;vrouw;1997;19;300;Human Resource Management;
Bij ouders;7;0;Nee;5 61-90 min.;8;Lekker makkelijk. Maar keer op mezelf is ook niet erg uiteraard.;ja, over een  half jaar tot een jaar;wel;;;;;;;40;600;1 zeer belangrijk;3 neutraal;1 zeer belangrijk;1 zeer belangrijk;2 belangrijk;2 belangrijk;4 onbelangrijk;3 past enigszins;1 past helemaal niet;3 past enigszins;3 past enigszins;4 past wel;man;1992;24;800;Human Resource Management;Neen
Bij ouders;240;0;Nee;6 langer dan 90 min.;10;;ja, over meer dan 1 jaar;wel;;;;;;;100;400;1 zeer belangrijk;1 zeer belangrijk;1 zeer belangrijk;2 belangrijk;4 onbelangrijk;4 onbelangrijk;5 zeer onbelangrijk;1 past helemaal niet;1 past helemaal niet;2 past niet;1 past helemaal niet;1 past helemaal niet;vrouw;1993;23;630;Human Resource Management;Ik zie niet in, waarom het relevant is op hoeveel woonoppervlakte ik woon.
Bij ouders;16;0;Nee;5 61-90 min.;8;;ja, binnen half jaar;wel;;wel;;;;;15;350;2 belangrijk;4 onbelangrijk;3 neutraal;5 zeer onbelangrijk;1 zeer belangrijk;3 neutraal;3 neutraal;4 past wel;4 past wel;2 past niet;3 past enigszins;5 past volledig;vrouw;1997;19;500;Human Resource Management;De enquete zou beter zijn wanneer er bij sommige vragen de mogelijkheid niet van toepassing erbij staat.
zelfstandige huurwoning;80;440;ja;1 minder dan 10 min.;9;Genoeg ruimte, alles zelfstandig, vaak rustige buren, overal dichtbij;nee, voorlopig niet van plan;;;;;;;;20;450;2 belangrijk;3 neutraal;3 neutraal;5 zeer onbelangrijk;1 zeer belangrijk;1 zeer belangrijk;4 onbelangrijk;4 past wel;2 past niet;4 past wel;1 past helemaal niet;3 past enigszins;vrouw;1991;25;1100;Human Resource Management;Heb gemist of het volledig anoniem was, moest wel klas invoeren wat ik niet fijn vind ik combinatie met mijn huurprijs- en inkomensgegevens.
Op kamers (gedeeld gebruik san. en/of keuken);12;286;ja;1 minder dan 10 min.;8;;nee, voorlopig niet van plan;;;;;;;;16;350;4 onbelangrijk;4 onbelangrijk;4 onbelangrijk;4 onbelangrijk;1 zeer belangrijk;2 belangrijk;2 belangrijk;4 past wel;3 past enigszins;4 past wel;1 past helemaal niet;5 past volledig;man;1994;22;1000;Human Resource Management;
anders;30;200;Nee;5 61-90 min.;8;Heb het goed naar mijn zin, ik wordt hier goed verwend en ik kan nu mooi sparen voor later.;weet ik  (nog)  niet;;;;;;;;15;350;3 neutraal;4 onbelangrijk;3 neutraal;4 onbelangrijk;3 neutraal;3 neutraal;3 neutraal;4 past wel;5 past volledig;2 past niet;4 past wel;3 past enigszins;vrouw;1994;22;1500;Human Resource Management;nee
Bij ouders;400;0;Nee;3 21-40 min.;10;Woonachtig in een groot huis plek voor iedereen.;nee, voorlopig niet van plan;;;;;;;;300;400;3 neutraal;2 belangrijk;2 belangrijk;2 belangrijk;2 belangrijk;2 belangrijk;3 neutraal;3 past enigszins;1 past helemaal niet;1 past helemaal niet;1 past helemaal niet;3 past enigszins;man;1992;24;1400;Human Resource Management;nope.
Bij ouders;24;0;ja;2 10-20 min.;9;Thuis is de sfeer goed en alles is max 20 min fietsen;nee, voorlopig niet van plan;;;;;;;;20;325;2 belangrijk;3 neutraal;3 neutraal;5 zeer onbelangrijk;4 onbelangrijk;3 neutraal;3 neutraal;4 past wel;4 past wel;3 past enigszins;4 past wel;4 past wel;vrouw;1995;21;500;Human Resource Management;Prima
Bij ouders;25;0;Nee;6 langer dan 90 min.;9;;ja, over een  half jaar tot een jaar;;;wel;wel;wel;;;30;550;2 belangrijk;1 zeer belangrijk;2 belangrijk;1 zeer belangrijk;2 belangrijk;2 belangrijk;2 belangrijk;1 past helemaal niet;2 past niet;3 past enigszins;1 past helemaal niet;2 past niet;man;1996;20;51;Facility Management;Nee
Bij ouders;16;0;ja;5 61-90 min.;7;;ja, over een  half jaar tot een jaar;;;wel;wel;;;;20;375;1 zeer belangrijk;3 neutraal;2 belangrijk;2 belangrijk;1 zeer belangrijk;2 belangrijk;3 neutraal;4 past wel;2 past niet;5 past volledig;2 past niet;2 past niet;vrouw;1997;19;110;Facility Management;
Bij ouders;12;0;Nee;4 41-60 min.;8;;ja, binnen half jaar;wel;;wel;wel;;;;14;400;2 belangrijk;3 neutraal;4 onbelangrijk;4 onbelangrijk;2 belangrijk;2 belangrijk;2 belangrijk;4 past wel;2 past niet;3 past enigszins;4 past wel;4 past wel;man;1996;20;1250;Facility Management;
Bij ouders;20;0;Nee;6 langer dan 90 min.;6;;ja, binnen half jaar;wel;;wel;wel;wel;;;15;350;2 belangrijk;3 neutraal;3 neutraal;4 onbelangrijk;2 belangrijk;2 belangrijk;3 neutraal;4 past wel;2 past niet;3 past enigszins;1 past helemaal niet;5 past volledig;man;1995;21;650;Facility Management;-
Bij ouders;20;0;ja;1 minder dan 10 min.;9;;nee, voorlopig niet van plan;;;;;;;;25;450;1 zeer belangrijk;3 neutraal;2 belangrijk;4 onbelangrijk;2 belangrijk;2 belangrijk;3 neutraal;4 past wel;4 past wel;3 past enigszins;2 past niet;3 past enigszins;man;1997;19;700;Facility Management;
Op kamers (gedeeld gebruik san. en/of keuken);13;275;Nee;3 21-40 min.;6;;nee, voorlopig niet van plan;;;;;;;;14;370;2 belangrijk;4 onbelangrijk;3 neutraal;3 neutraal;1 zeer belangrijk;3 neutraal;3 neutraal;4 past wel;3 past enigszins;4 past wel;2 past niet;4 past wel;vrouw;1997;19;1400;Facility Management;geen
Bij ouders;12;0;Nee;6 langer dan 90 min.;8;;ja, over een  half jaar tot een jaar;wel;;wel;wel;;;;16;400;2 belangrijk;3 neutraal;4 onbelangrijk;4 onbelangrijk;1 zeer belangrijk;3 neutraal;3 neutraal;5 past volledig;3 past enigszins;4 past wel;1 past helemaal niet;3 past enigszins;man;1994;22;550;Facility Management;nee
Bij ouders;10;0;Nee;4 41-60 min.;5;;ja, zeer korte termijn;wel;wel;wel;;;;;30;600;2 belangrijk;2 belangrijk;1 zeer belangrijk;3 neutraal;3 neutraal;2 belangrijk;4 onbelangrijk;1 past helemaal niet;1 past helemaal niet;3 past enigszins;1 past helemaal niet;2 past niet;vrouw;1994;22;800;Facility Management;
Bij ouders;15;0;Nee;5 61-90 min.;8;;nee, voorlopig niet van plan;;;;;;;;20;400;2 belangrijk;4 onbelangrijk;3 neutraal;4 onbelangrijk;2 belangrijk;2 belangrijk;3 neutraal;3 past enigszins;3 past enigszins;4 past wel;2 past niet;3 past enigszins;vrouw;1996;20;500;Facility Management;
Bij ouders;12;0;Nee;3 21-40 min.;10;;nee, voorlopig niet van plan;;;;;;;;20;350;2 belangrijk;3 neutraal;2 belangrijk;1 zeer belangrijk;1 zeer belangrijk;1 zeer belangrijk;2 belangrijk;5 past volledig;2 past niet;3 past enigszins;2 past niet;2 past niet;man;1996;20;350;Facility Management;nee
Bij ouders;50;0;Nee;3 21-40 min.;8;;ja, over meer dan 1 jaar;;;wel;wel;;;;40;350;3 neutraal;3 neutraal;3 neutraal;3 neutraal;3 neutraal;3 neutraal;3 neutraal;4 past wel;3 past enigszins;2 past niet;3 past enigszins;1 past helemaal niet;man;1995;21;550;Facility Management;
Bij ouders;5;500;Nee;3 21-40 min.;8;;nee, voorlopig niet van plan;;;;;;;;5;300;2 belangrijk;3 neutraal;3 neutraal;2 belangrijk;2 belangrijk;3 neutraal;3 neutraal;3 past enigszins;2 past niet;4 past wel;1 past helemaal niet;1 past helemaal niet;vrouw;1995;21;400;Facility Management;-
Bij ouders;9;0;Nee;4 41-60 min.;8;;nee, voorlopig niet van plan;;;;;;;;20;800;2 belangrijk;3 neutraal;4 onbelangrijk;3 neutraal;4 onbelangrijk;4 onbelangrijk;2 belangrijk;4 past wel;4 past wel;2 past niet;5 past volledig;3 past enigszins;vrouw;1998;18;550;Facility Management;
Bij ouders;14;0;Nee;5 61-90 min.;6;;weet ik  (nog)  niet;;;;;;;;14;500;2 belangrijk;3 neutraal;2 belangrijk;2 belangrijk;2 belangrijk;2 belangrijk;2 belangrijk;4 past wel;3 past enigszins;3 past enigszins;2 past niet;3 past enigszins;vrouw;1997;19;500;Facility Management;
Bij ouders;25;0;Nee;6 langer dan 90 min.;7;;ja, zeer korte termijn;;;wel;wel;wel;;;18;450;2 belangrijk;3 neutraal;2 belangrijk;3 neutraal;2 belangrijk;2 belangrijk;3 neutraal;5 past volledig;3 past enigszins;5 past volledig;2 past niet;3 past enigszins;vrouw;1996;20;1150;Facility Management;Nee
Op kamers (gedeeld gebruik san. en/of keuken);19;385;ja;2 10-20 min.;8;;nee, voorlopig niet van plan;;;;;;;;25;450;2 belangrijk;3 neutraal;2 belangrijk;2 belangrijk;1 zeer belangrijk;2 belangrijk;2 belangrijk;4 past wel;2 past niet;3 past enigszins;2 past niet;2 past niet;vrouw;1994;22;750;Facility Management;
Bij ouders;11;0;Nee;4 41-60 min.;9;;ja, over meer dan 1 jaar;wel;;;;wel;;;15;300;1 zeer belangrijk;1 zeer belangrijk;1 zeer belangrijk;2 belangrijk;2 belangrijk;3 neutraal;4 onbelangrijk;2 past niet;2 past niet;4 past wel;5 past volledig;2 past niet;vrouw;1995;21;650;Facility Management;dat het irritant is dat je een google account moet hebben.
Bij ouders;21;0;Nee;5 61-90 min.;8;;ja, binnen half jaar;;;wel;;wel;;;14;350;1 zeer belangrijk;3 neutraal;3 neutraal;4 onbelangrijk;1 zeer belangrijk;2 belangrijk;2 belangrijk;3 past enigszins;2 past niet;5 past volledig;2 past niet;4 past wel;man;1995;21;400;Facility Management;Nee
Bij ouders;14;0;ja;1 minder dan 10 min.;10;;ja, over meer dan 1 jaar;wel;wel;;;wel;;;14;450;2 belangrijk;3 neutraal;3 neutraal;3 neutraal;2 belangrijk;4 onbelangrijk;4 onbelangrijk;3 past enigszins;2 past niet;4 past wel;2 past niet;3 past enigszins;vrouw;1997;19;450;Facility Management;Nee
Bij ouders;20;0;Nee;3 21-40 min.;7;;nee, voorlopig niet van plan;;;;;;;;20;400;2 belangrijk;3 neutraal;1 zeer belangrijk;2 belangrijk;2 belangrijk;2 belangrijk;3 neutraal;3 past enigszins;3 past enigszins;4 past wel;2 past niet;4 past wel;vrouw;1995;21;600;Facility Management;
Bij ouders;20;0;Nee;3 21-40 min.;8;;nee, voorlopig niet van plan;;;;;;;;;;2 belangrijk;3 neutraal;3 neutraal;4 onbelangrijk;3 neutraal;3 neutraal;4 onbelangrijk;2 past niet;3 past enigszins;3 past enigszins;;;vrouw;1998;18;200;Facility Management;
Bij ouders;8;0;Nee;3 21-40 min.;7;;ja, binnen half jaar;wel;;wel;wel;;;;;;1 zeer belangrijk;2 belangrijk;2 belangrijk;4 onbelangrijk;1 zeer belangrijk;3 neutraal;4 onbelangrijk;4 past wel;4 past wel;2 past niet;2 past niet;2 past niet;vrouw;1995;21;700;Facility Management;
zelfstandige huurwoning;27;532;ja;2 10-20 min.;9;;nee, voorlopig niet van plan;;;;;;;;25;550;2 belangrijk;3 neutraal;3 neutraal;3 neutraal;1 zeer belangrijk;2 belangrijk;3 neutraal;2 past niet;2 past niet;4 past wel;2 past niet;2 past niet;man;1994;22;850;Facility Management;Nee
Bij ouders;21;0;Nee;3 21-40 min.;8;;nee, voorlopig niet van plan;;;;;;;;22;400;2 belangrijk;3 neutraal;2 belangrijk;2 belangrijk;2 belangrijk;2 belangrijk;2 belangrijk;3 past enigszins;2 past niet;4 past wel;1 past helemaal niet;4 past wel;man;1994;22;600;Facility Management;nee
Bij ouders;28;0;Nee;5 61-90 min.;9;;ja, over meer dan 1 jaar;wel;;wel;wel;wel;;;15;350;2 belangrijk;4 onbelangrijk;3 neutraal;3 neutraal;2 belangrijk;3 neutraal;3 neutraal;2 past niet;3 past enigszins;1 past helemaal niet;4 past wel;4 past wel;vrouw;1998;18;250;Facility Management;
Bij ouders;10;0;Nee;2 10-20 min.;10;;nee, voorlopig niet van plan;;;;;;;;20;500;2 belangrijk;3 neutraal;3 neutraal;3 neutraal;2 belangrijk;3 neutraal;3 neutraal;4 past wel;1 past helemaal niet;5 past volledig;1 past helemaal niet;1 past helemaal niet;man;1995;21;500;Facility Management;
Op kamers (gedeeld gebruik san. en/of keuken);13;300;ja;1 minder dan 10 min.;8;;nee, voorlopig niet van plan;;;;;;;;12;375;2 belangrijk;4 onbelangrijk;3 neutraal;4 onbelangrijk;1 zeer belangrijk;1 zeer belangrijk;1 zeer belangrijk;4 past wel;3 past enigszins;2 past niet;2 past niet;3 past enigszins;vrouw;1996;20;600;Facility Management;
Bij ouders;15;0;Nee;6 langer dan 90 min.;8;;ja, binnen half jaar;wel;;wel;wel;;;;15;350;3 neutraal;4 onbelangrijk;3 neutraal;4 onbelangrijk;2 belangrijk;2 belangrijk;2 belangrijk;4 past wel;3 past enigszins;2 past niet;2 past niet;4 past wel;man;1995;21;600;Facility Management;
Op kamers (gedeeld gebruik san. en/of keuken);14;395;Nee;4 41-60 min.;8;;ja, over meer dan 1 jaar;;wel;wel;wel;;;;18;420;1 zeer belangrijk;3 neutraal;2 belangrijk;4 onbelangrijk;1 zeer belangrijk;2 belangrijk;2 belangrijk;4 past wel;2 past niet;4 past wel;1 past helemaal niet;3 past enigszins;vrouw;1996;20;200;Facility Management;
Bij ouders;14;0;ja;2 10-20 min.;9;;ja, zeer korte termijn;;wel;;wel;wel;;;14;350;2 belangrijk;2 belangrijk;4 onbelangrijk;4 onbelangrijk;3 neutraal;1 zeer belangrijk;4 onbelangrijk;4 past wel;2 past niet;3 past enigszins;1 past helemaal niet;3 past enigszins;man;1997;19;350;Facility Management;Nee
Op kamers (gedeeld gebruik san. en/of keuken);22;390;ja;1 minder dan 10 min.;8;;nee, voorlopig niet van plan;;;;;;;;16;400;2 belangrijk;3 neutraal;4 onbelangrijk;4 onbelangrijk;2 belangrijk;3 neutraal;3 neutraal;4 past wel;4 past wel;3 past enigszins;1 past helemaal niet;4 past wel;vrouw;1997;19;780;Facility Management;
Bij ouders;20;0;Nee;3 21-40 min.;9;;nee, voorlopig niet van plan;;;;;;;;25;300;2 belangrijk;2 belangrijk;2 belangrijk;2 belangrijk;2 belangrijk;3 neutraal;3 neutraal;4 past wel;3 past enigszins;4 past wel;3 past enigszins;3 past enigszins;man;1997;19;1250;Facility Management;Nee
Bij ouders;20;0;Nee;2 10-20 min.;9;;ja, binnen half jaar;;;;wel;wel;;;20;400;1 zeer belangrijk;3 neutraal;3 neutraal;4 onbelangrijk;1 zeer belangrijk;1 zeer belangrijk;4 onbelangrijk;2 past niet;4 past wel;2 past niet;1 past helemaal niet;4 past wel;man;1995;21;800;Facility Management;
Bij ouders;15;300;Nee;6 langer dan 90 min.;7;;ja, over meer dan 1 jaar;wel;;;;;;;12;500;3 neutraal;3 neutraal;2 belangrijk;1 zeer belangrijk;2 belangrijk;2 belangrijk;4 onbelangrijk;2 past niet;4 past wel;5 past volledig;2 past niet;1 past helemaal niet;man;1991;25;1000;Facility Management;
Op kamers (gedeeld gebruik san. en/of keuken);20;496;ja;1 minder dan 10 min.;8;;nee, voorlopig niet van plan;;;;;;;;20;500;3 neutraal;5 zeer onbelangrijk;1 zeer belangrijk;3 neutraal;1 zeer belangrijk;2 belangrijk;2 belangrijk;5 past volledig;3 past enigszins;5 past volledig;2 past niet;2 past niet;vrouw;1996;20;1300;Facility Management;
Bij ouders;15;0;Nee;4 41-60 min.;8;;nee, voorlopig niet van plan;;;;;;;;15;300;3 neutraal;3 neutraal;2 belangrijk;2 belangrijk;1 zeer belangrijk;1 zeer belangrijk;1 zeer belangrijk;4 past wel;2 past niet;3 past enigszins;1 past helemaal niet;4 past wel;man;1994;22;300;Facility Management;Duidelijke enquˆte!
Bij ouders;6;0;Nee;5 61-90 min.;7;;ja, over een  half jaar tot een jaar;wel;wel;wel;wel;wel;;;10;400;2 belangrijk;3 neutraal;3 neutraal;4 onbelangrijk;2 belangrijk;3 neutraal;2 belangrijk;3 past enigszins;2 past niet;4 past wel;3 past enigszins;3 past enigszins;vrouw;1998;18;450;Facility Management;nee
Bij ouders;15;0;Nee;3 21-40 min.;7;;ja, zeer korte termijn;wel;;;wel;wel;;;15;400;3 neutraal;4 onbelangrijk;2 belangrijk;4 onbelangrijk;1 zeer belangrijk;3 neutraal;3 neutraal;5 past volledig;1 past helemaal niet;2 past niet;1 past helemaal niet;4 past wel;vrouw;1996;20;550;Facility Management;Nvt
Bij ouders;140;0;Nee;5 61-90 min.;8;;weet ik  (nog)  niet;;;;;;;;;300;2 belangrijk;2 belangrijk;2 belangrijk;4 onbelangrijk;3 neutraal;2 belangrijk;3 neutraal;4 past wel;4 past wel;3 past enigszins;2 past niet;4 past wel;vrouw;1998;18;250;Facility Management;
Bij ouders;15;0;Nee;4 41-60 min.;8;;ja, over een  half jaar tot een jaar;;;wel;wel;;;;12;350;1 zeer belangrijk;3 neutraal;2 belangrijk;3 neutraal;2 belangrijk;3 neutraal;2 belangrijk;4 past wel;4 past wel;2 past niet;3 past enigszins;3 past enigszins;vrouw;1997;19;400;Facility Management;Nee
Bij ouders;12;0;Nee;4 41-60 min.;9;;ja, over meer dan 1 jaar;wel;;wel;;;;;14;600;2 belangrijk;3 neutraal;4 onbelangrijk;4 onbelangrijk;1 zeer belangrijk;3 neutraal;3 neutraal;4 past wel;3 past enigszins;5 past volledig;4 past wel;2 past niet;vrouw;1998;18;500;Facility Management;Er wordt vanuit gegaan dat je een maandelijks inkomen hebt, niet iedereen heeft dat.
zelfstandige huurwoning;80;900;Nee;4 41-60 min.;7;;ja, over meer dan 1 jaar;;wel;;;;;wel;25;800;1 zeer belangrijk;2 belangrijk;1 zeer belangrijk;1 zeer belangrijk;1 zeer belangrijk;3 neutraal;5 zeer onbelangrijk;1 past helemaal niet;1 past helemaal niet;4 past wel;1 past helemaal niet;4 past wel;vrouw;1994;22;1000;Facility Management;Alle vragen gingen vanuit dat je op kamers woont of op kamers wil. Dus voor mij waren veel vragen n.v.t.
Bij ouders;20;0;Nee;4 41-60 min.;8;;ja, over meer dan 1 jaar;wel;;wel;wel;wel;;;16;500;2 belangrijk;4 onbelangrijk;3 neutraal;3 neutraal;2 belangrijk;3 neutraal;4 onbelangrijk;4 past wel;3 past enigszins;4 past wel;4 past wel;2 past niet;vrouw;1996;20;200;Facility Management;
Bij ouders;20;0;Nee;4 41-60 min.;10;;nee, voorlopig niet van plan;;;;;;;;25;500;2 belangrijk;3 neutraal;2 belangrijk;2 belangrijk;2 belangrijk;2 belangrijk;2 belangrijk;3 past enigszins;2 past niet;3 past enigszins;2 past niet;1 past helemaal niet;vrouw;1997;19;300;Facility Management;
Bij ouders;9;0;Nee;6 langer dan 90 min.;10;;nee, voorlopig niet van plan;;;;;;;;;;1 zeer belangrijk;3 neutraal;2 belangrijk;2 belangrijk;2 belangrijk;2 belangrijk;3 neutraal;2 past niet;2 past niet;2 past niet;2 past niet;2 past niet;vrouw;1997;19;200;Facility Management;Nee
Eenkamerwoning met eigen voorzieningen;30;400;ja;1 minder dan 10 min.;8;;nee, voorlopig niet van plan;;;;;;;;20;350;1 zeer belangrijk;3 neutraal;3 neutraal;4 onbelangrijk;4 onbelangrijk;3 neutraal;3 neutraal;4 past wel;2 past niet;3 past enigszins;1 past helemaal niet;2 past niet;vrouw;1998;18;700;Facility Management;
Bij ouders;144;0;Nee;4 41-60 min.;10;;ja, zeer korte termijn;;;;;;;wel;50;700;2 belangrijk;2 belangrijk;4 onbelangrijk;3 neutraal;2 belangrijk;2 belangrijk;4 onbelangrijk;2 past niet;1 past helemaal niet;5 past volledig;1 past helemaal niet;1 past helemaal niet;man;1994;22;900;Facility Management;Ja, er is mij geleerd dat je geen bereken vragen in een enquˆte moet zetten echter vind ik er toch een stuk of 6, frapant.
Bij ouders;140;0;Nee;4 41-60 min.;10;;nee, voorlopig niet van plan;;;;;;;;80;500;2 belangrijk;1 zeer belangrijk;1 zeer belangrijk;2 belangrijk;1 zeer belangrijk;2 belangrijk;2 belangrijk;1 past helemaal niet;1 past helemaal niet;5 past volledig;1 past helemaal niet;1 past helemaal niet;man;1997;19;51;Facility Management;Als ik bij mijn ouders woon dan heb ik geen kamer, maar bij de vragen moet ik invullen hoeveel m2 mijn kamer is. Daarnaast vindt ik het jammer dat het mijn tijd in beslag neemt.
Op kamers (gedeeld gebruik san. en/of keuken);10;325;ja;1 minder dan 10 min.;6;;ja, over een  half jaar tot een jaar;wel;wel;;;wel;;;15;400;2 belangrijk;3 neutraal;2 belangrijk;4 onbelangrijk;2 belangrijk;3 neutraal;3 neutraal;4 past wel;5 past volledig;2 past niet;2 past niet;5 past volledig;vrouw;1998;18;650;Facility Management;Nee
Bij ouders;12;0;Nee;5 61-90 min.;9;;ja, over meer dan 1 jaar;wel;;wel;;;;;20;500;2 belangrijk;2 belangrijk;1 zeer belangrijk;3 neutraal;1 zeer belangrijk;2 belangrijk;4 onbelangrijk;4 past wel;3 past enigszins;4 past wel;4 past wel;3 past enigszins;vrouw;1996;20;300;Facility Management;Sommige dingen waren onduidelijk, zoals het gemiddelde van de huurpijs
Bij ouders;25;0;Nee;3 21-40 min.;9;;nee, voorlopig niet van plan;;;;;;;;20;350;2 belangrijk;3 neutraal;3 neutraal;2 belangrijk;2 belangrijk;3 neutraal;3 neutraal;4 past wel;2 past niet;2 past niet;1 past helemaal niet;3 past enigszins;man;1993;23;1200;Facility Management;Duidelijk en goed geformuleerde vragen!
Op kamers (gedeeld gebruik san. en/of keuken);23;400;ja;2 10-20 min.;9;;ja, binnen half jaar;;;;;;wel;;16;450;2 belangrijk;3 neutraal;2 belangrijk;3 neutraal;2 belangrijk;2 belangrijk;3 neutraal;4 past wel;3 past enigszins;4 past wel;4 past wel;3 past enigszins;vrouw;1997;19;500;Facility Management;
Bij ouders;4;0;Nee;5 61-90 min.;7;;nee, voorlopig niet van plan;;;;;;;;8;600;2 belangrijk;3 neutraal;2 belangrijk;3 neutraal;2 belangrijk;3 neutraal;3 neutraal;2 past niet;3 past enigszins;4 past wel;2 past niet;3 past enigszins;man;1998;18;400;Facility Management;Nee
Op kamers (gedeeld gebruik san. en/of keuken);20;300;ja;1 minder dan 10 min.;7;;ja, over een  half jaar tot een jaar;wel;wel;;;wel;;;25;350;1 zeer belangrijk;3 neutraal;3 neutraal;2 belangrijk;1 zeer belangrijk;1 zeer belangrijk;3 neutraal;3 past enigszins;4 past wel;4 past wel;2 past niet;4 past wel;vrouw;1995;21;800;Facility Management;
Bij ouders;16;0;Nee;4 41-60 min.;8;;weet ik  (nog)  niet;;;;;;;;16;325;3 neutraal;3 neutraal;2 belangrijk;4 onbelangrijk;1 zeer belangrijk;2 belangrijk;2 belangrijk;4 past wel;2 past niet;2 past niet;3 past enigszins;2 past niet;vrouw;1996;20;700;Facility Management;
Bij ouders;12;0;Nee;5 61-90 min.;7;;ja, binnen half jaar;wel;;wel;wel;wel;;wel;14;350;4 onbelangrijk;4 onbelangrijk;1 zeer belangrijk;1 zeer belangrijk;1 zeer belangrijk;1 zeer belangrijk;3 neutraal;4 past wel;3 past enigszins;3 past enigszins;2 past niet;4 past wel;man;1994;22;800;Facility Management;
zelfstandige huurwoning;25;650;ja;2 10-20 min.;8;;ja, binnen half jaar;;wel;;;;;;50;850;1 zeer belangrijk;2 belangrijk;1 zeer belangrijk;2 belangrijk;1 zeer belangrijk;3 neutraal;4 onbelangrijk;1 past helemaal niet;1 past helemaal niet;4 past wel;1 past helemaal niet;1 past helemaal niet;man;1992;24;2000;Facility Management;Nee
Bij ouders;22;0;Nee;4 41-60 min.;9;;nee, voorlopig niet van plan;;;;;;;;250;300;2 belangrijk;3 neutraal;3 neutraal;3 neutraal;2 belangrijk;3 neutraal;4 onbelangrijk;3 past enigszins;4 past wel;4 past wel;4 past wel;3 past enigszins;vrouw;1998;18;51;Facility Management;Over netto inkomen, dat kan ook minder zijn
Bij ouders;24;0;ja;1 minder dan 10 min.;10;;nee, voorlopig niet van plan;;;;;;;;10;300;2 belangrijk;3 neutraal;2 belangrijk;2 belangrijk;2 belangrijk;1 zeer belangrijk;1 zeer belangrijk;1 past helemaal niet;1 past helemaal niet;1 past helemaal niet;1 past helemaal niet;1 past helemaal niet;man;1997;19;500;Facility Management;
Op kamers (gedeeld gebruik san. en/of keuken);26;460;ja;1 minder dan 10 min.;8;;nee, voorlopig niet van plan;;;;;;;;20;460;2 belangrijk;2 belangrijk;3 neutraal;4 onbelangrijk;1 zeer belangrijk;2 belangrijk;2 belangrijk;4 past wel;4 past wel;2 past niet;2 past niet;4 past wel;man;1996;20;700;Facility Management;nee.
Bij ouders;15;0;Nee;5 61-90 min.;7;;weet ik  (nog)  niet;;;;;;;;18;400;2 belangrijk;4 onbelangrijk;4 onbelangrijk;3 neutraal;1 zeer belangrijk;3 neutraal;3 neutraal;4 past wel;1 past helemaal niet;3 past enigszins;4 past wel;1 past helemaal niet;vrouw;1997;19;650;Facility Management;
Bij ouders;20;0;Nee;5 61-90 min.;9;Ik woon prima bij me ouders;ja, over een  half jaar tot een jaar;wel;;;;;;;50;600;3 neutraal;1 zeer belangrijk;1 zeer belangrijk;1 zeer belangrijk;1 zeer belangrijk;1 zeer belangrijk;4 onbelangrijk;4 past wel;1 past helemaal niet;5 past volledig;5 past volledig;1 past helemaal niet;vrouw;1995;21;350;Facility Management;nee
Bij ouders;10;0;Nee;3 21-40 min.;8;;nee, voorlopig niet van plan;;;;;;;;;;2 belangrijk;3 neutraal;1 zeer belangrijk;3 neutraal;3 neutraal;1 zeer belangrijk;3 neutraal;4 past wel;3 past enigszins;4 past wel;2 past niet;2 past niet;vrouw;1996;20;500;Facility Management;
Bij ouders;50;0;Nee;6 langer dan 90 min.;10;;ja, over meer dan 1 jaar;wel;;wel;;;;;20;400;1 zeer belangrijk;2 belangrijk;2 belangrijk;3 neutraal;2 belangrijk;3 neutraal;3 neutraal;3 past enigszins;2 past niet;3 past enigszins;2 past niet;2 past niet;vrouw;1996;20;500;Facility Management;Ik woon nog thuis en heb meer woonoppervlakte dan alleen mijn kamer.
Op kamers (gedeeld gebruik san. en/of keuken);16;315;ja;1 minder dan 10 min.;9;Schoon huis, 5 min lopen van HAN;nee, voorlopig niet van plan;;;;;;;;15;350;1 zeer belangrijk;3 neutraal;2 belangrijk;3 neutraal;2 belangrijk;3 neutraal;3 neutraal;3 past enigszins;4 past wel;1 past helemaal niet;1 past helemaal niet;4 past wel;vrouw;1994;22;800;Facility Management;
Op kamers (gedeeld gebruik san. en/of keuken);14;285;ja;2 10-20 min.;7;Ik heb gezellige huisgenoten en heb het naar mijn zin op kamers;weet ik  (nog)  niet;;;;;;;;24;350;1 zeer belangrijk;2 belangrijk;2 belangrijk;3 neutraal;2 belangrijk;2 belangrijk;2 belangrijk;4 past wel;2 past niet;3 past enigszins;2 past niet;4 past wel;vrouw;1997;19;830;Facility Management;Nee
zelfstandige huurwoning;65;750;Nee;4 41-60 min.;8;we wonen heel ruim, duplex woning met een groot balkon. 5 minuten lopen van het stadscentrum.;nee, voorlopig niet van plan;;;;;;;;119;150;2 belangrijk;2 belangrijk;1 zeer belangrijk;5 zeer onbelangrijk;1 zeer belangrijk;2 belangrijk;4 onbelangrijk;3 past enigszins;2 past niet;4 past wel;3 past enigszins;2 past niet;vrouw;1993;23;600;Facility Management;ik had door veel vragen het idee dat ik, omdat ik samen met mijn vriend een duplex woning heb (2 verdiepingen appartement), buiten de doelgroep viel.
Op kamers (gedeeld gebruik san. en/of keuken);15;350;ja;2 10-20 min.;8;Het is redelijk duur, maar wel een gezellig huis;nee, voorlopig niet van plan;;;;;;;;20;300;2 belangrijk;3 neutraal;2 belangrijk;2 belangrijk;2 belangrijk;2 belangrijk;3 neutraal;3 past enigszins;4 past wel;2 past niet;3 past enigszins;3 past enigszins;vrouw;1994;22;800;Facility Management;Nee
Bij ouders;12;0;Nee;3 21-40 min.;8;;nee, voorlopig niet van plan;;;;;;;;12;300;1 zeer belangrijk;3 neutraal;2 belangrijk;1 zeer belangrijk;1 zeer belangrijk;1 zeer belangrijk;5 zeer onbelangrijk;4 past wel;1 past helemaal niet;5 past volledig;2 past niet;2 past niet;vrouw;1995;21;1000;Facility Management;
Bij ouders;12;0;Nee;6 langer dan 90 min.;8;Ik hoef weinig te doen thuis;ja, over een  half jaar tot een jaar;;;wel;wel;;;;10;375;2 belangrijk;3 neutraal;4 onbelangrijk;3 neutraal;2 belangrijk;2 belangrijk;4 onbelangrijk;4 past wel;3 past enigszins;1 past helemaal niet;2 past niet;3 past enigszins;man;1997;19;250;Facility Management;
Bij ouders;15;0;Nee;3 21-40 min.;9;Ik vind het fijn dat ik nog thuis kan wonen, ook de reistijd valt reuze mee en zo heb ik nog tijd voor hobby's en andere dingen.;nee, voorlopig niet van plan;;;;;;;;15;350;1 zeer belangrijk;2 belangrijk;3 neutraal;3 neutraal;2 belangrijk;2 belangrijk;3 neutraal;3 past enigszins;3 past enigszins;5 past volledig;3 past enigszins;3 past enigszins;vrouw;1995;21;383;Facility Management;Goed te beantwoorden vragen en goede toelichting boven de vragen.
Bij ouders;112;0;Nee;2 10-20 min.;10;Ik heb het prima naar mijn zin en wil voorlopig ook nog niet weg.;nee, voorlopig niet van plan;;;;;;;;60;120;2 belangrijk;2 belangrijk;1 zeer belangrijk;2 belangrijk;4 onbelangrijk;3 neutraal;4 onbelangrijk;1 past helemaal niet;1 past helemaal niet;1 past helemaal niet;1 past helemaal niet;1 past helemaal niet;man;1996;20;700;Facility Management;-
Op kamers (gedeeld gebruik san. en/of keuken);14;316;ja;2 10-20 min.;7;Genoeg ruimte, redelijk schoon. Enige nadeel is ver van stad en school en niet veel contact binnen huis.;ja, over een  half jaar tot een jaar;;;wel;wel;wel;;;13;450;2 belangrijk;4 onbelangrijk;3 neutraal;4 onbelangrijk;2 belangrijk;4 onbelangrijk;4 onbelangrijk;4 past wel;2 past niet;4 past wel;1 past helemaal niet;3 past enigszins;vrouw;1997;19;710;Facility Management;
Bij ouders;15;0;Nee;5 61-90 min.;9;Heb het wel goed bij mn ouders;ja, over een  half jaar tot een jaar;;;wel;wel;;;;25;700;3 neutraal;3 neutraal;2 belangrijk;3 neutraal;2 belangrijk;2 belangrijk;2 belangrijk;2 past niet;3 past enigszins;2 past niet;5 past volledig;3 past enigszins;vrouw;1998;18;500;Facility Management;
Bij ouders;10;0;Nee;5 61-90 min.;8;;ja, over een  half jaar tot een jaar;wel;wel;wel;wel;wel;;;10;350;3 neutraal;5 zeer onbelangrijk;3 neutraal;5 zeer onbelangrijk;2 belangrijk;3 neutraal;3 neutraal;3 past enigszins;4 past wel;5 past volledig;1 past helemaal niet;4 past wel;vrouw;1996;20;300;Facility Management;n.v.t.
Bij ouders;12;0;Nee;4 41-60 min.;9;;ja, over meer dan 1 jaar;;;wel;wel;wel;;;16;300;1 zeer belangrijk;1 zeer belangrijk;1 zeer belangrijk;1 zeer belangrijk;1 zeer belangrijk;1 zeer belangrijk;1 zeer belangrijk;2 past niet;2 past niet;4 past wel;2 past niet;4 past wel;vrouw;1997;19;900;Facility Management;
Bij ouders;10;0;Nee;5 61-90 min.;8;Woon thuis prima, maar toch is de afstand wel een puntje.;weet ik  (nog)  niet;;;;;;;;15;400;3 neutraal;3 neutraal;2 belangrijk;3 neutraal;2 belangrijk;1 zeer belangrijk;2 belangrijk;4 past wel;3 past enigszins;3 past enigszins;2 past niet;3 past enigszins;man;1997;19;250;Facility Management;
Bij ouders;20;0;Nee;5 61-90 min.;8;ik hoef nergens voor te betalen, en woon in een fijne buurt;weet ik  (nog)  niet;;;;;;;;20;250;2 belangrijk;2 belangrijk;3 neutraal;3 neutraal;2 belangrijk;3 neutraal;3 neutraal;4 past wel;3 past enigszins;3 past enigszins;2 past niet;3 past enigszins;vrouw;1997;19;1100;Facility Management;wat is de gemiddelde huur van een kamer??
Op kamers (gedeeld gebruik san. en/of keuken);17;280;ja;1 minder dan 10 min.;10;Ik woon midden in het centrum, op loopafstand van werk, stappen shoppen en boodschappen doen en school is 10 min fietsen.;nee, voorlopig niet van plan;;;;;;;;15;400;2 belangrijk;3 neutraal;4 onbelangrijk;4 onbelangrijk;2 belangrijk;1 zeer belangrijk;3 neutraal;3 past enigszins;1 past helemaal niet;1 past helemaal niet;1 past helemaal niet;5 past volledig;vrouw;1995;21;950;Facility Management;nee
Bij ouders;14;0;Nee;6 langer dan 90 min.;8;Huidige woonsituatie erg tevreden, huidige woonsituatie tot afstand school erg ontevreden.;ja, over meer dan 1 jaar;wel;;;;;;;25;600;2 belangrijk;2 belangrijk;1 zeer belangrijk;1 zeer belangrijk;3 neutraal;3 neutraal;5 zeer onbelangrijk;2 past niet;2 past niet;2 past niet;2 past niet;2 past niet;vrouw;1996;20;250;Facility Management;
Bij ouders;36;0;Nee;5 61-90 min.;10;ik heb de ruimte die ik nodig heb en als ik thuis kom hoef meestal niet te koken omdat dat al gedaan is.;weet ik  (nog)  niet;;;;;;;;40;400;2 belangrijk;5 zeer onbelangrijk;2 belangrijk;2 belangrijk;1 zeer belangrijk;3 neutraal;3 neutraal;3 past enigszins;2 past niet;4 past wel;2 past niet;2 past niet;man;1998;18;577;Facility Management;
Bij ouders;20;0;Nee;6 langer dan 90 min.;8;Ik ben afgelopen maand van kamers terug naar huis verhuisd, dit bevalt mij tot nu toe goed;nee, voorlopig niet van plan;;;;;;;;17;350;3 neutraal;3 neutraal;2 belangrijk;5 zeer onbelangrijk;1 zeer belangrijk;3 neutraal;2 belangrijk;5 past volledig;5 past volledig;3 past enigszins;2 past niet;4 past wel;vrouw;1996;20;300;Facility Management;
Bij ouders;200;0;Nee;5 61-90 min.;7;vind het fijn om thuis te wonen, maar heb soms wat meer rust voor mezelf nodig;weet ik  (nog)  niet;;;;;;;;20;400;2 belangrijk;3 neutraal;3 neutraal;3 neutraal;2 belangrijk;2 belangrijk;2 belangrijk;4 past wel;3 past enigszins;4 past wel;3 past enigszins;3 past enigszins;vrouw;1997;19;120;Facility Management;nee
anders;40;850;Nee;5 61-90 min.;8;Mocht dichterbij;ja, over een  half jaar tot een jaar;;;;;;;wel;16;450;2 belangrijk;4 onbelangrijk;3 neutraal;3 neutraal;2 belangrijk;2 belangrijk;4 onbelangrijk;1 past helemaal niet;1 past helemaal niet;5 past volledig;1 past helemaal niet;1 past helemaal niet;man;1994;22;1100;Facility Management;
Op kamers (gedeeld gebruik san. en/of keuken);12;300;ja;1 minder dan 10 min.;9;Het huis ligt dicht bij de HAN en niet ver verwijderd van het centrum. Verder is het een nette kamer, met leuke huisgenoten.;nee, voorlopig niet van plan;;;;;;;;12;380;2 belangrijk;3 neutraal;2 belangrijk;4 onbelangrijk;2 belangrijk;3 neutraal;3 neutraal;4 past wel;3 past enigszins;3 past enigszins;2 past niet;4 past wel;vrouw;1996;20;900;Facility Management;
Bij ouders;14;0;Nee;4 41-60 min.;7;Ik vind het prima om nog thuis te wonen.;ja, over meer dan 1 jaar;wel;wel;;;wel;;;16;300;2 belangrijk;2 belangrijk;2 belangrijk;3 neutraal;2 belangrijk;5 zeer onbelangrijk;5 zeer onbelangrijk;2 past niet;4 past wel;3 past enigszins;1 past helemaal niet;3 past enigszins;vrouw;1995;21;280;Facility Management;Sommige kon ik niet invullen maar dat was wel verplicht
Op kamers (gedeeld gebruik san. en/of keuken);12;235;ja;1 minder dan 10 min.;9;Fijne, veilige wijk omringt door prettige mensen.;nee, voorlopig niet van plan;;;;;;;;12;350;2 belangrijk;3 neutraal;3 neutraal;4 onbelangrijk;2 belangrijk;4 onbelangrijk;4 onbelangrijk;1 past helemaal niet;4 past wel;1 past helemaal niet;1 past helemaal niet;5 past volledig;vrouw;1993;23;600;Facility Management;Nee
Bij ouders;16;0;Nee;5 61-90 min.;10;;ja, over een  half jaar tot een jaar;wel;;wel;wel;;;;16;400;2 belangrijk;4 onbelangrijk;4 onbelangrijk;4 onbelangrijk;2 belangrijk;3 neutraal;3 neutraal;3 past enigszins;2 past niet;4 past wel;3 past enigszins;2 past niet;man;1997;19;1500;Facility Management;Nee
Bij ouders;20;0;Nee;4 41-60 min.;9;Ik heb het nog steeds erg naar mijn zin bij mijn ouders en hoef hier dus ook nog niet weg.;nee, voorlopig niet van plan;;;;;;;;15;500;2 belangrijk;3 neutraal;2 belangrijk;2 belangrijk;2 belangrijk;1 zeer belangrijk;2 belangrijk;3 past enigszins;1 past helemaal niet;3 past enigszins;2 past niet;3 past enigszins;man;1997;19;200;Facility Management;Geen
Op kamers (gedeeld gebruik san. en/of keuken);32;275;ja;2 10-20 min.;8;;ja, binnen half jaar;;;;;;;wel;60;600;3 neutraal;3 neutraal;2 belangrijk;2 belangrijk;2 belangrijk;2 belangrijk;4 onbelangrijk;2 past niet;2 past niet;4 past wel;2 past niet;2 past niet;vrouw;1995;21;1000;Facility Management;/
Bij ouders;20;0;ja;2 10-20 min.;9;heb niks te klagen;nee, voorlopig niet van plan;;;;;;;;20;300;1 zeer belangrijk;3 neutraal;2 belangrijk;1 zeer belangrijk;3 neutraal;2 belangrijk;2 belangrijk;4 past wel;2 past niet;4 past wel;3 past enigszins;2 past niet;man;1997;19;580;Facility Management;nee
Op kamers (gedeeld gebruik san. en/of keuken);13;600;ja;2 10-20 min.;7;Ik ben tot nu toe zeer tevreden over mijn kamer. Echter is het niet mijn bedoeling om hier voor de volgende 4 jaar te gaan wonen. Ik wil in de komende paar jaar graag naar iets groters verhuizen;nee, voorlopig niet van plan;;;;;;;;20;400;2 belangrijk;3 neutraal;2 belangrijk;4 onbelangrijk;2 belangrijk;1 zeer belangrijk;3 neutraal;4 past wel;2 past niet;2 past niet;1 past helemaal niet;4 past wel;man;1995;21;600;Facility Management;Nee
Bij ouders;12;0;ja;1 minder dan 10 min.;9;;nee, voorlopig niet van plan;;;;;;;;15;300;1 zeer belangrijk;3 neutraal;2 belangrijk;2 belangrijk;1 zeer belangrijk;2 belangrijk;3 neutraal;2 past niet;2 past niet;2 past niet;3 past enigszins;4 past wel;vrouw;1994;22;900;Facility Management;Nee
Op kamers (gedeeld gebruik san. en/of keuken);24;425;ja;2 10-20 min.;7;het zou een 10 zijn zonder muizen in de keuken.;weet ik  (nog)  niet;;;;;;;;20;450;2 belangrijk;2 belangrijk;3 neutraal;3 neutraal;1 zeer belangrijk;1 zeer belangrijk;3 neutraal;5 past volledig;4 past wel;4 past wel;2 past niet;5 past volledig;man;1994;22;1250;Facility Management;nope
Bij ouders;48;0;Nee;4 41-60 min.;7;Op zoek naar een appartement voor me zelf.;ja, binnen half jaar;wel;;;;;;;25;800;2 belangrijk;3 neutraal;3 neutraal;3 neutraal;1 zeer belangrijk;2 belangrijk;4 onbelangrijk;3 past enigszins;1 past helemaal niet;4 past wel;1 past helemaal niet;1 past helemaal niet;man;1994;22;2500;Facility Management;
Bij ouders;25;0;Nee;5 61-90 min.;9;Ik woon bij mijn ouders. Bij mijn vriendinnen dicht in de buurt. Hoef niet zelf te koken, zo af en toe wel, maar meestal niet. Hoef verder ook niets te betalen aan woonkosten.;weet ik  (nog)  niet;;;;;;;;10;320;3 neutraal;4 onbelangrijk;3 neutraal;4 onbelangrijk;4 onbelangrijk;2 belangrijk;2 belangrijk;1 past helemaal niet;4 past wel;1 past helemaal niet;2 past niet;2 past niet;vrouw;1997;19;210;Facility Management;Je moest heel vaak klikken voordat een bolletje werd gekleurd. Hij deed het heel vaak niet. Ook moest je super vaak op een tekstvak klikken voor je het antwoord kon in typen. Als deze enquete niet verplicht was zou ik er mee zijn gestopt omdat het zo
Bij ouders;25;0;ja;1 minder dan 10 min.;10;Ik ben thuis van alles voorzien, dus heb niks te klagen.;nee, voorlopig niet van plan;;;;;;;;20;500;1 zeer belangrijk;2 belangrijk;1 zeer belangrijk;5 zeer onbelangrijk;4 onbelangrijk;4 onbelangrijk;4 onbelangrijk;4 past wel;3 past enigszins;4 past wel;3 past enigszins;3 past enigszins;man;1998;18;580;Facility Management;nee
Bij ouders;12;0;Nee;6 langer dan 90 min.;9;Ik ben nog tevreden thuis;weet ik  (nog)  niet;;;;;;;;12;300;2 belangrijk;4 onbelangrijk;4 onbelangrijk;2 belangrijk;2 belangrijk;3 neutraal;3 neutraal;4 past wel;3 past enigszins;3 past enigszins;2 past niet;4 past wel;vrouw;1998;18;150;Facility Management;
Op kamers (gedeeld gebruik san. en/of keuken);15;400;ja;1 minder dan 10 min.;7;Prima wonen, alleen g‚‚n internet momenteel;nee, voorlopig niet van plan;;;;;;;;30;400;2 belangrijk;3 neutraal;4 onbelangrijk;3 neutraal;2 belangrijk;2 belangrijk;3 neutraal;4 past wel;2 past niet;3 past enigszins;2 past niet;4 past wel;man;1990;26;1000;Facility Management;Nee
Bij ouders;40;0;Nee;4 41-60 min.;9;Ik woon bij mijn ouders en heb niks te klagen.;nee, voorlopig niet van plan;;;;;;;;30;600;1 zeer belangrijk;3 neutraal;2 belangrijk;3 neutraal;2 belangrijk;2 belangrijk;3 neutraal;2 past niet;2 past niet;3 past enigszins;4 past wel;3 past enigszins;man;1997;19;150;Facility Management;nee
zelfstandige huurwoning;50;450;ja;1 minder dan 10 min.;8;Moderne woning, grote woonkamer,  grote slaapkamers, keuken, bijkeuken en badkamer prima, huur wel net te hoog;weet ik  (nog)  niet;;;;;;;;60;480;2 belangrijk;3 neutraal;1 zeer belangrijk;4 onbelangrijk;2 belangrijk;2 belangrijk;3 neutraal;5 past volledig;2 past niet;5 past volledig;3 past enigszins;2 past niet;man;1996;20;1200;Facility Management;Nee
Bij ouders;25;0;Nee;3 21-40 min.;7;Ik zou liever niet meer thuis wonen;nee, voorlopig niet van plan;;;;;;;;20;400;1 zeer belangrijk;3 neutraal;2 belangrijk;1 zeer belangrijk;2 belangrijk;3 neutraal;3 neutraal;2 past niet;1 past helemaal niet;4 past wel;1 past helemaal niet;2 past niet;man;1993;23;1000;Facility Management;Lekker kort. Niet te moeilijk
Bij ouders;20;0;Nee;3 21-40 min.;9;;nee, voorlopig niet van plan;;;;;;;;;350;2 belangrijk;4 onbelangrijk;3 neutraal;3 neutraal;3 neutraal;2 belangrijk;3 neutraal;3 past enigszins;3 past enigszins;2 past niet;1 past helemaal niet;4 past wel;vrouw;1994;22;250;Facility Management;
Bij ouders;24;0;Nee;4 41-60 min.;9;Alles wordt geregeld;weet ik  (nog)  niet;;;;;;;;18;400;3 neutraal;4 onbelangrijk;2 belangrijk;5 zeer onbelangrijk;1 zeer belangrijk;2 belangrijk;2 belangrijk;3 past enigszins;2 past niet;3 past enigszins;3 past enigszins;4 past wel;man;1997;19;650;Facility Management;
Op kamers (gedeeld gebruik san. en/of keuken);23;425;ja;1 minder dan 10 min.;9;;nee, voorlopig niet van plan;;;;;;;;;;2 belangrijk;3 neutraal;2 belangrijk;3 neutraal;2 belangrijk;3 neutraal;3 neutraal;4 past wel;2 past niet;3 past enigszins;2 past niet;4 past wel;vrouw;1998;18;200;Facility Management;
Bij ouders;15;0;Nee;6 langer dan 90 min.;7;Tevreden over de woonsituatie alleen het lange reizen naar school is minder fijn.;weet ik  (nog)  niet;;;;;;;;12;420;2 belangrijk;4 onbelangrijk;3 neutraal;5 zeer onbelangrijk;3 neutraal;2 belangrijk;2 belangrijk;3 past enigszins;3 past enigszins;4 past wel;4 past wel;5 past volledig;man;1998;18;650;Facility Management;Het duurde wat langer omdat de enquˆte tussendoor een keer vastliep en ik daarom opnieuw moest beginnen.
Bij ouders;25;0;Nee;4 41-60 min.;7;Ik woon prima;nee, voorlopig niet van plan;;;;;;;;15;350;2 belangrijk;3 neutraal;3 neutraal;3 neutraal;1 zeer belangrijk;2 belangrijk;1 zeer belangrijk;2 past niet;1 past helemaal niet;4 past wel;2 past niet;3 past enigszins;vrouw;1996;20;750;Facility Management;Onduidelijk of het over een huis of studentenkamer gaat. Voor de rest prima
Bij ouders;18;0;Nee;3 21-40 min.;9;Ik hoef niet ver te reizen om naar school te gaan. Ook al woon ik thuis, heb ik veel vrijheden en kan mijn eigen ding doen.;nee, voorlopig niet van plan;;;;;;;;16;400;2 belangrijk;4 onbelangrijk;3 neutraal;3 neutraal;1 zeer belangrijk;3 neutraal;3 neutraal;4 past wel;2 past niet;5 past volledig;3 past enigszins;1 past helemaal niet;vrouw;1996;20;300;Facility Management;
Bij ouders;20;0;Nee;5 61-90 min.;10;Ik heb thuis niks te klagen. Alles wordt voor me gedaan.;nee, voorlopig niet van plan;;;;;;;;16;400;2 belangrijk;3 neutraal;3 neutraal;3 neutraal;2 belangrijk;2 belangrijk;3 neutraal;4 past wel;3 past enigszins;2 past niet;2 past niet;5 past volledig;vrouw;1998;18;800;Facility Management;
Bij ouders;16;0;Nee;5 61-90 min.;7;voldoende ruimte en hoef niks/nauwelijks te betalen, dan maar langer reizen;ja, binnen half jaar;;;;;;;wel;18;350;2 belangrijk;2 belangrijk;2 belangrijk;3 neutraal;2 belangrijk;3 neutraal;3 neutraal;3 past enigszins;2 past niet;3 past enigszins;2 past niet;4 past wel;vrouw;1996;20;600;Facility Management;
Bij ouders;20;0;Nee;3 21-40 min.;10;Niks is fijner dan gezellig thuis komen bij je familie.;nee, voorlopig niet van plan;;;;;;;;20;600;1 zeer belangrijk;4 onbelangrijk;3 neutraal;2 belangrijk;2 belangrijk;2 belangrijk;3 neutraal;2 past niet;2 past niet;4 past wel;2 past niet;2 past niet;vrouw;1992;24;1000;Facility Management;Ik heb mij niet verdiept in mijn eigen hoeveelheid m2 waar ik woon of waar ik naartoe wil. Dus alles is op de gok omdat je pers‚ iets in moest vullen.
